CHEMICAL NAME,CAS No.,FORMULA,MOLECULAR WEIGHT (MW),SPECIFIC GRAVITY,pH,DIPOLE MOMENT (Debye),BOILING PT (Bp °C),MELTING PT (Mp °C),TLV TWA (ppm),FR VME (ppm),MAK TRK (ppm),Olf. (ppm),NIOSH TWA (ppm),TLV TWA (mg/m³),NIOSH TWA (mg/m³),A,B,C,D,E,F,G,H,HEPA,ESCO,!,COMBINATION,NON DUCTLESS RECOMMENDED PRODUCTS
2-ACETYLAMINOFLUORENE,53-96-3,C15H13NO,223.3,,,,,107.85,,,,,,,,1,,,,,,,,,,,,
2-AMINO PYRIDINE,504-29-0,C5H6N2,94,,,,211,,0.5,0.5,0.5,,0.5,,2,1,,,,,,,,,,,,
ACETAMIDE,60-35-5,C2H5NO,,,,,223,,,,50,,,,,1,,,,,,,,,,,,
ACETALDEHYDE,75-07-0,C2H4O,44,0.79,,,20,,100,100,50,0.05,,,,,,,,,2,,,,,,,
ACETIC ACID,64-19-7,C2H4O2,60,1.05,<0.1,,118,"16,5",10,,10,0.05,10,,25,1,1,,,,,,,,,,,
ACETIC ANHYDRIDE,108-24-7,C4H6O3,102,1.08,,,140,,5,5,5,0.13,C5,,C20,1,,,,,,,,,,,,
ACETONE,67-64-1,C3H6O,58,0.79,7,"29,1",56.5,"-94,9",500,750,500,13,250,,590,1,,,,,,,,,,,,
ACETONE CYANOHYDRIN AS CN,75-86-5,C4H7NO,85,0.93,,,82,-20,,,,,C1,,C4,2,,,,,,,,,,,,
ACETONITRILE,75-05-8,C2H3N,41,0.78,,,82,,40,40,40,170,20,,34,1,,,,,,,,,,,,
ACETOPHENONE,98-86-2,C8H8O,120,,,,201.7,10,,,,,,,,1,,,,,,,,,,,,
ACETYLENE,74-86-2,C2H2,26,0.001092,,,-84,,,,,,,,,1,,,,,,,,,,,,
ACETYLSALICYLIC ACID,50-78-2,C9H8O4,180,1.35,,,,135,,,,,,,,1,,,,,,,,,,,,
ACETYLENE TETRABROMIDE,79-27-6,C2H2Br4,346,2.97,,,239,,1,1,1,,,,,2,,,,,,,,,,,,
ACROLEIN,107-02-8,C3H4O,56,0.84,,,53,,0.1,,0.1,0.16,0.1,,0,,,,,,,,,,,1,,EFA
ACRYLAMIDE,79-06-1,C3H5NO,71,1.12,,,,84.5,,0.1,,,,,0,1,,,,,,,,,,,,
ACRYLIC ACID,79-10-7,C3H4O2,72,1.05,,,142,,2,10,,0.09,2,,6,1,,,,,,,,,,,,
ACRYLONITRILE,107-13-1,C3H3N,53,0.81,5.5-7.5,,77,,2,2,3,17,1,,2,2,,,,,,,,,,,,
ADIPIC ACID,124-04-9,C6H10O4,146,"1,36",3.2,,152,"337,5",,,,,,5,,,,,,,,,,1,,,,
ADIPONITRILE,111-69-3,C6H8N2,108,0.97,,,295,,2,,,,4,,18,1,,,,,,,,,,,,EFA
ALDICARB,116-06-3,C7H14O2N2S,,,,,190,100,,,,,,,,2,,,,,,,,,,,,EFA
ALDRIN,309-00-2,C12H8C16,365,1.6,,,,105,,,,,,0.25,0,1,,,,,,,,,,,,
ALGINIC ACID,9005-32-7,(C6H8O6)n,"10,000 - 600,000",1.601,1.5-3.5,,,,,,,,,,,2,,,,,,,,,,,,
ALLYL ALCOHOL,107-18-6,C3H6O,58,0.85,,,97,,0.5,2,2,1.1,2,,5,1,,,,,,,,,,,,
ALLYL CHLORIDE,107-05-1,C3H5Cl,77,0.94,,,44.5,,1,1,1,1.2,1,,3,1,,,,,,,,,,,,
ALLYL GLYCIDYL ETHER,106-92-3,C6H10O2,114,0.97,,,154,,1,5,,,5,,22,1,,,,,,,,,,,,
ALLYL PROPYL DISULFIDE,2179-59-1,C6H12S2,148,0.93,,,,,2,2,,,2,,12,,,,2,,,,,,,,,
ALPHA-ALUMINA,1344-28-1,Al2O3,101.9,4,,,5122,3358,,,,,15,,,,,,,,,,,1,,,,
ALPHA-TERPINEOL,98-55-5,C10H18O,154.25,0.9338,,,219,39,,,,,,,,1,,,,,,,,,,,,
ALUMINIUM (Metal & Oxide),7429-90-5,Al & Al2O3,,2.7 / 4.0,,,,660/2050,,,,,,10,10,,,,,,,,,1,,,,
ALUMINIUM (Pyro powders & Welding fume),,,,,,,,,,,,,,5,5,,,,,,,,,1,,,,
AMITROLE,61-82-5,C2H4N4,84,1.14,,,,159,,0.06,,,,0.2,0.2,,,,,,,,,,1,,,
AMMONIA,7664-41-7,NH3,17,0.00072,11,"1,42",-33,-78,25,25,50,5.2,25,,18,,,,,,,1,,,,,,
n-AMYL ACETATE,628-63-7,C7H14O2,130,0.88,,,148,,100,100,100,0.05,100,,525,1,,,,,,,,,,,,
Sec-AMYL ACETATE,626-38-0,C7H14O2,130,0.57,,,123,,125,125,100,0,125,,650,1,,,,,,,,,,,,
n-AMYL ALCOHOL,71-41-0,C5H12O,88,,,,138,,,,,,,,,1,,,,,,,,,,,,
AMMONIUM ACETATE,631-61-8,C2H3O2NH4,77,1.17,,,Decomp,114,,,,,,,,,,,,,,1,,,,,,
AMMONIUM CHLORIDE FUME,12125-02-9,NH4Cl,53.5,1.53,,,,338 (Sublimes),,,,,,,10,,,,,,,,,1,,,,
AMMONIUM HYDROXIDE,1336-21-6,NH4OH,35.04,0.91,,,37.7,?57.5,,,,,,,,,,,,,,1,,,,,,
ANILINE,62-53-3,C6H5NH2,93,1.02,,,184,,2,2,2,1.1,,,,1,,,,,,,,,,,,
Ortho & Para ANISIDINE,,C7H9ON,123,1.1,,,225,,0.1,0.1,0.1,,,,1,1,,,,,,,,,,,,
ANTIMONY,7440-36-0,Sb,121.8,6.69,,,2701,892,,,,,,,0.5,,,,,,,,,1,,,,
ARSENIC PENTOXIDE,1303-28-2,As2O5,230,4.32,,,,315,,,,,,,,,,,,,,,,,,1,,EFA
ARSINE,7784-42-1,AsH3,78,"4,93",,"0,20",-62.5,-117,0,0.05,0.05,0.5,,,C0.002,,,,,,,,,,1,,,
ASPHALT FUMES,8052-42-4,,,,,,,,,,,,,,5 mg/m [15min],1,,,,,,,,,,,,
1- BUTYNE,107-00-6,C4H6,54.091,0.6783,,,8.08,?125.7,,,,,,,,1,,,,,,,,,,,,
1-BROMO-3-CHLOROPROPANE,,C3H6BrCl,157.44,1.59,,,143,-59,,,,,,,,1,,,,,,,,,,,,
BARIUM & SOLUBLE CPDS,,Ba,137,,,,1640,,,,,,,0.05,0.05,,,,,,,,,,,,B(1) & HP(2),
BARIUM CHLORIDE (AS BA),10361-37-2,BaCl2,208.2,3.86,,,2566,1491,,,,,,,0.5,,,,,,,,,1,,,,
BARIUM HYDROXIDE,17194-00-2,Ba(OH)2,171.34,3.743,,,780,78,,,,,,,,,,,,,,,,1,,,,
BARIUM NITRATE (AS BA),10022-31-8,Ba(NO3)2,"261,37","3,24",,,,,,,,,,,10,,,,,,,,,1,,,,
BARIUM SULFATE,7727-43-7,BaSO4,233,4.25 – 4.5,,,1600 decomp,1580,,,,,,10,10,,,,,,,,,,,,B(1) & HP(2),
BENZENE,71-43-2,C6H6,78,0.88,,,80,,,,,,,,,1,,,,,,,,,,,,
BENOMYL,17804-35-2,C14H18N4O3,290,,,,,>298,0.84,0.8,,,,,,1,,,,,,,,,,,,
BENZENETHOL,108-98-5,C6H5SH,110,1.08,,,62,,,,,,C0.1,,(0.5 mg/m ) [15min],1,,,,,,,,,,,,
BENZIDINE,92-87-5,C12H12N2,184,1.08,,,402,,,0,,,,,,1,,,,,,,,,,,,
BENZYL ACETATE,140-11-4,C6H5CH2OCOCH3,150,1.25,,,212,,10,,,,,,,,1,,,,,,,,,,,
BENZYL CHLORIDE,100-44-7,C7H7Cl,127,1.1,,,179,,1,1,1,0.04,C1,,C5,1,,,,,,,,,,,,
BERYLLIUM & BERYLLIUM COMPOUNDS (AS BE),7440-41-7,Be,9,1.85,,,4258,2075,,,,,,,C 0.0005,,,,,,,,,1,,,,
BETA-CHLOROPRENE,126-99-8,C4H5Cl,88.5,0.96,,,-134,,,,,,,,,1,,,,,,,,,,,,
BIPHENYL,92-52-4,C12H10,154,1.04,,,255,,0.2,0.22,0.2,,0.2,,1,,1,,,,,,,,,,,
BISMUTH TELLURIDE,1304-82-1,Bi2Te3,802,7.7,,,,573,,,,,,10,10,,1,,,,,,,,,,,
"BORATES, TETRA, SODIUM SALTS (ANHYDROUS)",1330-43-4,Na2B4O7,201.2,2.37,,,,1092,,,,,,,1,,,,,,,,,1,,,,
BORIC ACID,10043-35-3,H3BO3,62,,3.6-4,,,,,,,,,,,,,,,,,,,1,,,,
BORON OXIDE,1303-86-2,B2O3,69.6,2.46,,,3106,568,,,,,,,10,,,,,,,,,1,,,,
BORON TRIBROMIDE,10294-33-4,BBr3,250.5,2.64,,,194°F,,,,,,C 1 ppm,,10,,,,,,,,,1,,,,
BORON TRIFLUORIDE,2095581,BF3,,,,,,,,,,,,,,,,,,,,,,1,,,,
BROMINE,7726-95-6,Br2,160,3.12,,,59,,0.1,,0.1,0.05,0.1,,0.7,,,,,1,,,,,,,,
BROMINE PENTAFLUORIDE,7789-30-2,BrF5,175,2.48,,,40.5,,0.1,0.1,,,0.1,,0.7,2,,,,,,,,,,,,
BUTYL CELLOSOVE,111-76-2,C6H14O2,118.17,0.9,,,171,-77,,,,,,,,1,,,,,,,,,,,,
BROMOETHANE,74-96-4,C2H5Br,113,,,,38.5,,5,200,,3.1,,,,1,,,,,,,,,,,,
BROMOFORM,75-25-2,CHBr3,253,2.89,,,149.5,,0.5,0.5,,1.3,0.5,,5,2,,,,,,,,,,,,
1-BROMONAPHTALENE,90-11-9,,207,,,,279,,,,,,,,,1,,,,,,,,,,,,
2-Bromo-1-chloropropane,,C3H6BrCl,157,,,,,,,,,,,,,1,,,,,,,,,,,,
n-BUTANE,106-97-8,C10H7Br,58,0.002532,,,-12,,800,800,1000,2700,800,,1900,2,,,,,,,,,,,,
"1,3-BUTADIENE",106-99-0,C4H10,54,0.65,,,-4.5,,2,,5,1.6,,,,,,,,,,,,1,,,,
2-BUTOXY ETHANOL,111-76-2,C6H14O2,118,0.9,,,171,,20,25,20,0.1,5,,24,1,,,,,,,,,,,,
2-BUTOXY ETHYL ACETATE,112-07-2,C8H16O3,160,0.94,,,,,,,20,,5,95,33,1,,,,,,,,,,,,
n-BUTYL ACETATE,123-86-4,C6H12O2,116,0.88,,,127,,150,150,100,0.39,150,,710,1,,,,,,,,,,,,
Sec & Ter BUTYL ACETATE,,C6H12O2,116,0.86,,,96,,200,200,100,,200,,950,1,,,,,,,,,,,,
n-BUTYL ACRYLATE,141-32-2,C7H12O2,128,0.89,,,146,,2,10,2,0.03,10,,55,1,,,,,,,,,,,,
Sec-BUTYL ALCOHOL,78-92-2,C4H10O,74,,,,99.5,,100,100,100,2.6,100,,305,1,,,,,,,,,,,,
Ter-BUTYL ALCOHOL,75-65-0,C4H10O,74,0.79 (solid),,,83,,100,100,100,47,100,,300,1,,,,,,,,,,,,
n-BUTYL AMINE,109-73-9,C4H9NH2,73,0.74,11.8,,78,,,,5,1.8,C50,,C15,2,,,,,,,,,,,,
Sec-BUTYL AMINE,13952-84-6,C4H9NH2,73,,,,63,,,,5,,,15,,2,,,,,,,,,,,,
n-BUTYL CHLORIDE,109-69-3,C4H9Cl,92,,,,78.5,,,,,,,,,1,,,,,,,,,,,,
Sec-BUTYL CHLORIDE,78-86-4,C4H9Cl,92,,,,68,,,,,,,,,1,,,,,,,,,,,,
Ter-BUTYL CHROMATE as CrO3,1189-85-1,C8H18CrO4,230,,,,,-5,,,,,,,0.001,,,,,,,,,1,,,,
BUTYL ETHER,142-96-1,C8H18O,130,,,,142,,,,,,,,,1,,,,,,,,,,,,
BUTYLENE,,C4H8,,,,,,,,,,,,,,1,,,,,,,,,,,,
BUTYRALDEHYDE,123-72-8,C4H8O,72.11,0.8,,,74.8,?99,,,,,,,,,,,,,1,,,,,,,
BUTYRIC ACID,107-92-6,C4H8O2,88.11,0.9595,,,163.5,?7.9,,,,,,,,1,,,,,,,,,,,,
n-BUTYL GLYCIDYL ETHER,8/6/2426,C7H14O2,118,0.91,,,164,,25,25,,,C5.6,,C30,1,,,,,,,1,,,,,
n-BUTYL LACTATE,138-22-7,C7H14O3,146,0.98,,,188,,5,5,,7,5,,25,1,,,,,,,,,,,,
n-BUTYL MERCAPTAN,109-79-5,C4H10S,90,0.83,,,209,,,,,,C0.5,,1.8(15min),2,,,,,,,,,,,,
n-BUTYL METHACRYLATE,97-88-1,C18H14O2,142,,,,164,,,,,,,,,1,,,,,,,,,,,,
Ortho-sec-BUTYL PHENOL,89-72-5,C10H14O,150,0.89,,,226,,5,5,,,5,,30,1,,,,,,,,,,,,
"2,6 Di-Tert-BUTYL PHENOL",128-39-2 ,C10H14O,150,,,,239,,,,0.08,,,,,2,,,,,,,,,,,,
Para-Tert-BUTYL TOLUENE,98-51-1,C11H16,148,0.86,,,193,,1,10,,5,,,,2,1,,,,,,,,,,,
n-BUTYRIC ACID,107-92-6,C4H8O2,88,,,,163.5,,,,,,10,,60,1,1,,,,,,,,,,,
2-CHLOROPROPANE,75-29-6,C3H7Cl,79,0.862,,,35.74,-117.18,,,,,,,,,,,,,2,,,,,,,
"CADMIUM Fume, Dust, Salts as Cd",7440-43-9,"Cd, CdO","112
128","8.65
8.15/6.95",,,"760/900
Decomp",,,,,,,0.01,,,,,,,,,,1,,,,
CALCIUM ARSENATE (as As),7778-44-1,Ca3(AsO4)2,398.1,3.62,,,,,,,,,C0.002 [15-minute],,,,,,,,,,,,,1,,EFA
CALCIUM CARBONATE,471-34-1,CaCO3,100,2.7 - 2.95,9-Aug,,Decomp,,,,,,,,10,,,,,,,,,1,,,,
CALCIUM HYDOXIDE,1305-62-0,Ca(OH)2,74,2.24,12.4,,,,,,,,,5,5,,,,,,,,,1,,,,
CALCIUM OXIDE,1305-78-8,CaO,56,3.34,,,2850,,,,,,,2,2,,,,,,,,,1,,,,
CALCIUM SULFATE,7778-18-9,CaSO4,136,2.96,,,,1450,,,,,,10,10,,,,,,,,,1,,,,
CARBOFURAN,1563-66-2,C12H15NO3,221,1.18,,,,150,,,,,,0.1,0.1,1,,,,,,,,,,,,
CAPROLACTAM,105-60-2,C2H11NO,113.2,1.01,,,515°F,156°F,,,,,Vapor: 0.22,,"Dust: 1,
Vapor: 1",1,,,,,,,,,,,,
CAPRYLIC ACID,124-07-2,C8H16O2,144.21,0.91,,,237,16.7,,,,,,,,1,,,,,,,,,,,,
CARBON BLACK,1333-86-4,,12,1.8 - 2.1,,,sublimes,,,,,,,3.5,3.5,,,,,,,,,1,,,,
CARBON DIOXIDE,124-38-9,CO2,44,0.001836,,0,sublimes,,5000,,5000,74000,5000,,9000,,,,,,,,,,,1,,EFA
CARBON DISULFIDE,75-15-0,CS2,76,1.26,,,46,,10,10,2,1.1,1,,3,,,,1,,,,,,,,,
CARBON TETRABROMIDE,558-13-4,CBr4,332,3.42,,,189.5,,0.1,0.1,,,0.1,,1,1,,,,1,,,,,,,,
CARBON TETRACHLORIDE,56-23-5,CCl4,154,1.59,,,77,,5,2,10,96,,,,1,,,,1,,,,,,,,
CELLOSOLVE,,,,,,,,,,,,,,,,1,,,,,,,,,,,,
CELLOSOLVE ACETATE,,,,,,,,,,,,,,,,1,,,,,,,,,,,,
CESIUM HYDROXIDE,21351-79-1,CeOH,150,3.68,,,,272,,,,,,2,2,,,,,,,,,1,,,,
CHLORINE,7785-50-5,Cl2,70,0.002964,,0,-34.5,,0.5,,0.5,0.31,C0.5,,C1.45,,,,,2,,,,,,,,
CHLORINE DIOXIDE,10049-04-4,ClO2,68,0.002796,,,10,,0.1,0.1,0.1,9.4,0.1,,0.3,,,,,,,,,,,1,,EFA
CHLORINE TRIFLUORIDE,7790-91-2,ClF3,93,0.003852,,,11.5,,,,0.1,,C0.1,,C0.4,,,,,,,,,,,1,,EFA
CHLOROACETALDEHYDE sol.50%,107-20-0,C2H3OCl,82,1.19 (40%),1.2,,90/100,,,,1,,C1,,C3,1,,,,,1,,,,,,,
CHLORO ACETONE,,C3H5ClO,92,,,,119,,1,,,,,,,2,,,,,,,,,,,,
2-CHLOROACETOPHENONE,532-27-4,C8H7OCl,154,1.32,,,247,,0.05,0.05,,0.04,0.05,,0.3,1,,,,,,,,,,,,
CHLOROACETYLCHLORIDE,79-04-9,C2H2OCl2,112,1.42,,,105,,0.05,0.05,,,0.05,,0.2,2,,,,,,,,,,,,
CHLOROBENZENE,108-90-7,C6H5Cl,113,1.11,,,133,,10,10,10,0.68,,,,1,,,,,,,,,,,,
CHLOROBROMOMETHANE,74-97-5,CH2BrCl,129,1.93,,,68,,200,200,200,400,200,,1050,2,,,,,,,,,,,,
2-CHLOROETHANOL,107-07-3,C2H5OCl,80,,,,129,,,,1,,,3,,1,,,,,,,,,,,,
CHLOROBUTADIENE,126-99-8,C4H5Cl,89,0.9598,,,59.4,59.4,,,,,,,,1,,,,,,,,,,,,
CHLOROFORM,67-66-3,CHCl3,119,1.48,,,61,,10,5,10,1.3,,,,,,,,,,,1,,,,,
CHLOROMETHANE,74-87-3,CH3Cl,50,2.22,,,-24.2,?97.7,,,,,,,,,,,,,,,,,,1,,EFA
1-CHLORO-1-NITROPROPANE,600-25-9,C3H6NO2Cl,123,1.21,,,140,,2,2,20,,2,,10,2,,,,,,,,,,,,
CHLOROPENTAFLUOROETHANE,76-15-3,C2F5Cl,154,0.00666,,,-39,,1000,1000,,,1000,,6320,,,,,,,,,,1,,,
CHLOROPICRIN,76-06-2,CNO2Cl3,163,1.6,,,112,,0.1,0.1,0.1,0.78,0.1,,0.7,1,,,,,,,,,,,,
CHLOROPLATINIC ACID,16941-12-1,H2PtCl6,409.81,2.431,,,,,,,,,,,,1,,,,,,,,,,,A(1) & HP(2),
CHLOROPRENE 3,,C3H5Cl,76,,,,45,,1,1,1,1.2,,,,2,,,,,,,,,,,,
Ortho-CHLOROSTYRENE,2039-87-4,C8H7Cl,138,1.1,,,189,,50,50,,,50,,285,1,,,,,,,,,,,,
Ortho-CHLOROTOLUENE,95-49-8,C7H7Cl,126,1.08,,,159,,50,50,,0.38,50,,250,1,,,,,,,,,,,,
CHLOROTRIFLUOROMETHANE,,CClF3,105,,,,81.4,,,,1000,,,,,,,,,,,,,,1,,,
"CHROMIUM Metal, Dust",7440-47-3,Cr,,7.14,,,,,,,,,,0.5,0.5,,,,,,,,,1,,,,
CHROMIUM ANHYDRIDE,1333-82-0,CrO3,100,2.7,,,,196,,,,,,0.05,0.001,,,,,,,,,1,,,,
CHROMYL CHLORIDE,14977-61-8,CrO2Cl2,154,1.91,,,116,,,,,,,0.03,0,,,,,,,,,,,1,,EFA
CITRIC ACID,77-92-9,C6H8O7,192,1.665,,,,,,,,,,,,1,,,,,,,,,,,,
CLONIDINE,4205-90-7,C9H9Cl2N3,230,,,,,,,,,,,,,2,,,,,,,,,,,,
CLOPIDOL,2971-90-6,C7H7NOCl2,192,,,,,320,,,,,,10,10,,,,,,,,,1,,,,
COBALT (Fume & dust),7440-48-4,Co,,8.92,,,,,,,,,,0.02,0.05,,,,,,,,,1,,,,
COBALT CARBONYL & HYDRO CARBONYL,10210-68-1,CO2(Co)8 ,342,1.87,,,5,-26,,,,,,0.1,0.1,,,,,,,,,,,1,,EFA
COKE (Pyrolysis products of organic materials),,,,,,,,,,,,,,,C0.2,,,,,,,,,,1,,,
COPPER(II) ACETATE ANHYDROUS,142-71-2,Cu(CH3COO)2,182,1.88,,,,,,,,,,,,,,,,,,,,1,,,,
COPPER(II) ACETATE MONOHYDRATE,6046-93-1,,22,,,,,,,,,,,,,,,,,,,,,1,,,,
COPPER(II) NITRATE ANHYDROUS,3251-23-8,Cu(NO3)2,188,,,,,,,,,,,,,,,,,,,,,1,,,,
COPPER(II) NITRATE TRIHYDRATE,,,242,,,,,,,,,,,,,,,,,,,,,1,,,,
COPPER(II) SULFATE ANHYDROUS,7758-98-7,CuSO4,160,3.603,,,,,,,,,,,,,,,,,,,,1,,,,
COPPER(II) SULFATE PENTAHYDRATE,7758-99-8,,250,2.284,,,,,,,,,,,,,,,,,,,,1,,,,
CORTICOSTERONE,50-22-6,C21H30O4,347,,,,,,,,,,,,,1,,,,,,,,,,,,
"COTTON Dust, raw",,,,,,,,,,,,,,0.2,0.2,,,,,,,,,1,,,,
CREOSOTE,,,,,,,,,,,,,,,,1,,,,,,,,,,,,
CRESOL all isomers,108-39-4,C7H8O,108,1.03-1.05,,,191,,5,5,5,,2.3,,10,1,,,,,,,,,,,,
CROTONALDEHYDE,123-73-9,C4H6O,70,0.87,,,102,,,2,0.34,0.12,2,,6,,,,,,1,,,,,,,
CUMENE,98-82-8,C9H12,120,0.86,,,152,,50,50,50,0.09,50,,245,1,,,,,,,,,,,,
Ortho-CUMIDINE,,C9H11NH2,135,,,,,225,,2,,,,,,,,,,,,,,,1,,,
CYANAMIDE,420-04-2,HCN : C : HCN or N : CNH3,54,1.26,,,260,,,,,,,2,2,,,,,,,,,,1,,,
CYANOGEN,460-19-5,C2N2,52,0.002184,,,-21,,10,2,10,,10,,20,,,,,,,,,,1,,,
CYANOGEN BROMIDE,506-68-3,CNBr,106,0.002184,,,61,,,,,,,,,,,,,,,,,,1,,,
CYANOGEN CHLORIDE,506-77-4,CNCl,61,1.19,,,,,,,,,,,,,,,,,,,,,,1,,EFA
CYCLOHEXANAMINE,108-91-8,C6H13N,99.17,0.8647,,,134.5,‘-17.7,,,,,,,,1,,,,,,,,,,,,
CYCLOHEXANE,110-82-7,C6H12,84,0.78,,,81,,300,300,200,25,300,,1050,1,,,,,,,,,,,,
CYCLOHEXANOL,108-93-0,C6H12O,100,0.96,,,161.5,,50,50,50,0.15,50,,200,1,,,,,,,,,,,,
CYCLOHEXANONE,108-94-1,C6H12O,98,0.95,,,157,,25,25,20,0.88,25,,100,1,,,,,,,,,,,,
CYCLOHEXENE,110-83-8,C6H10,82,0.81,,,83,,300,300,300,0.18,300,,1015,1,,,,,,,,,,,,
CYCLOHEXYLAMINE,108-91-8,C6H11NH2,99,0.87,,,134.5,,10,10,10,2.6,10,,40,1,,,,,,,,,,,,
CYCLOPENTADIENE,542-92-7,C5H6,66,0.8,,,42,,7,75,75,1.9,75,,200,1,,,,,,,,,,,,
CYCLOPENTANE,287-92-3,C5H10,70,0.75,,,49,,600,600,,,600,,1720,1,,,,,,,,,,,,
CYCLOSARIN,,C7H14FO2P,180.16,1.1278,,,239,‘-30,,,,,,,,1,,,,,,,,,,,,
"1,1-DIBROMOETHANE",557-91-5,C2H4Br2,187.87,2.055,,,,,,,,,,,,,,,,1,,,,,,,,
"1,1-DICHLOROETHENE",75-35-4,C2H2Cl2,96.94,1.213,,1.3 D,32,-122,,,,,,,,,,,,1,,,,,,,,
"1,2-DIBROMOETHANE",106-93-4,C2H4Br2,187.86,2.17,,,131-132,,,,,,,,,,,,,1,,,,,,,,
"1,2-DICHLOROETHENE",156-59-2 (cis),C2H2Cl2,96.95,cis: 1.28,,cis: 1.9 D,cis: 60.3,cis: -81,,,,,,,,,,,,1,,,,,,,,
"1,2-DICHLOROPROPANE",78-87-5,C3H6Cl2,112.99,1.156,,,95-96,?100,,,,,,,,1,,,,,,,,,,,,
"1,3-DICHLOROPROPENE (CIS, TRANS)",542-75-6,C3H4Cl2,110,1.21,,,103,,1,,0.11,,1,,5,1,,,,,,,,,,,,
"2,4-D",94-75-7,C8H6Cl2O3,221,1.57,,,Decomp,,,,,,,10,10,,,,,,,,,,1,,,
DDT,50-29-3,C14H9Cl5,355,0.99,,,,109,,,,,,1,0.5,,,,,,,,,1,,,,
DECABORANE,17702-41-9,B10H14,122,0.94,,,213,,0.05,0.05,0.05,0.25,0.05,,0.3,,,,,,,,,,,1,,EFA
DECANE,124-18-5,C10H22,142,,,,174,,,,,,,,,1,,,,,,,,,,,,
DEMETON (Systox),8065-48-3,C8H19O3S2P,258,1.12,,,134,,0.01,0.01,0.01,,,,0.1,,,,,,,,,,,1,,EFA
DIACETONE ALCOHOL,123-42-2,C6H12O2,116,0.94,,,168,,50,50,50,0.28,50,,240,1,,,,,,,,,,,,
DIAZOMETHANE,334-88-3,CH2N2,42,0.00174,,,-23,,0.2,,,,0.2,,0.4,,,,,,,,,,,1,,EFA
DIBORANE,19287-45-7,B2H6,28,0.001164,,,-92,,0.1,0.1,0.1,2.5,0.1,,0.1,,,,,,,,,,,1,,EFA
DIBUTYL PHTHALATE,84-74-2,C16H22O4,278.34,1.05,,,340,-35,,,,,,,,1,,,,,,,,,,,,
DIBUTYLAMINE,111-92-2,C8H19N,130,0.77,,,159.6,-62,,,,,,,,1,,,,,,,,,,,,
DICHLOROACETYLENE,7572-29-4,C2Cl2,94.9,1.26,,,90°F,,,,,,C 0.1,0.4,,,,,,,,,,,1,,,
"2,6-DI-ter-BUTYL-p-CRESOL",128-37-0,C15H24O,220,1.05,,,265,,,,,,,10,10,,,,,,,,,1,,,,
Ortho-DICHLOROBENZENE,95-50-1,C6H4Cl2,146,1.3,,,180,,25,,50,0.3,C50,,C300,1,,,,,,,,,,,,
"3,3-DICHLOROBENZIDINE and salts",91-94-1,C12H10N2Cl2,252,,,,178,,,,0,,,,,,,,,,,,,1,,,,
Para-DICHLOROBENZENE,106-46-7,C6H4Cl2,146,1.25,,,173,,10,75,50,0.18,,,,,,,,,,,,,1,,,
DICHLORODIFLUOROMETHANE,75-71-8,CCl2F2,120,0.1,,,-29,,1000,1000,1000,,1000,,4950,1,,,,,,,,,,,,
"1,1-DICHLOROETHANE",75-34-3,C2H4Cl2,98,1.18,,,57,,100,200,100,190,100,,400,2,,,,2,,,,,,,,
"1,2-DICHLOROETHANE",107-06-2,C2H4Cl2,98,,,,83.5,,10,10,5,88,1,,4,2,,,,2,,,,,,,,
"DICHLOROETHYLENE 1,2 sym",540-59-0,C2H2Cl2,96,1.27,,,59,,200,,200,17,200,,790,1,,,,1,,,,,,,,
DICHLOROETHYL ETHER,111-44-4,C4H8OCl2,143,1.22,,,178.5,,5,5,10,0.05,5,,30,2,,,,,,,1,,,,,
DICHLORO MONOFLUOROMETHANE,75-43-4,CHFCl2,103,0,,,9,,10,10,10,,10,,40,1,,,,,,,,,,,,
DICHLORO METHYL ETHER,,C2H4OCl2,114,,,,105,,,,,,,,,,,,,,,,1,,,,,
"1,1-DICHLORONITROETHANE",594-72-9,C2H3NO2Cl2,143,1.43,,,124,,2,2,10,,2,,10,2,,,,,,,,,,,,
"1,3-DICHLOROPROPENE (Cis, Trans)",542-75-6,C3H4Cl2,110,1.21,,,103,,1,,0.11,,1,,5,1,,,,,,,,,,,,
"2,2-DICHLOROPROPANOIC ACID",75-99-0,C3H4O2Cl2,142,1.4,,,98,,1,1,1,,1,,6,1,,,,,,,,,,,,
DICHLOROTETRAFLUOROETHANE,76-14-2,C2F4Cl2,171,0.007116,,,4.1,,1000,1000,1000,,1000,,7000,1,,,,,,,,,,,,
DICHLORVOS,62-73-7,C4H7Cl2O4P,221,1.42,,,77,,,0.1,0.1,,,0.9,1,1,,,,,,,,,,,,
DICROTOPHOS,141-66-2,C8H16NO5P,237,1.22,,,400,,,,,,,0.25,0.25,2,,,,,,,,,,,,
DICYCLOHEXYLMETHANE,,C5H22N2O2,142,,,,251,,0.01,,,,,,,1,,,,,,,,,,,,
DICYCLOPENTADIENE,77-73-6,C10H12,132,0.98,,,167,,5,5,0.5,0.01,5,,30,1,,,,,,,,,,,,
DIELDRIN,60-57-1,C12H8OCl6,381,1.75,,,,175,,,,,,0.25,0.25,2,,,,,,,,,,,,
DIETHANOLAMINE,111-42-2,C4H11NO2,105,1.1,11,,Decomp,,,3,,0.27,3,2,15,1,,,,,,,,,,,,
DIETHYLAMINE,109-89-7,C4H11N,73,0.71,,,55.5,,5,,5,0.13,10,,30,1,,,,,,,,,,,,
2-DIETHYLAMINOETHANOL,100-37-8,C4H15NO,117,0.89,,,162,,2,10,5,0.01,10,,50,1,,,,,,,,,,,,
N-DIETHYLAMINOACETOCHLORIDE,,C7H11NOCl,160,,,,,,,,,,,,,1,,,,,,,,,,,,
DIETHYLENE TRIAMINE,111-40-0,C4H13N3,103,0.96,,,207,,1,1,,,1,,4,1,,,,,,,,,,,,
DIETHYL KETONE,96-22-0,C5H10O,86,0.81,,,102,,200,200,,2,200,,705,1,,,,,,,,,,,,
DIETHYL PHTHALATE,84-66-2,C12H14O4,222,1.12,,,302,,,,,,,5,5,1,,,,,,,,,,,,
DIETHYL SULFATE,,C4H10SO4,,,,,208,,,,0.03,,,,,2,,,,,,,,,,,,
DIFLUORODIBROMOMETHANE,75-61-6,CBr2F2,210,2.29,,,23,,100,100,100,,100,,860,,,,,,,,,,1,,,
DIGITOXIN,,C41H64O13,765,,,,,255,,,,,,,,1,,,,,,,,,,,,
DIGLYCIDIL ETHER,7/5/2238,C6H10O3,130,1.12,,,260,,0.1,0.1,0.1,,0.1,,0.5,1,,,,,,,1,,,,,
DI-ISOBUTYL KETONE,108-83-8,C9H18O,142,0.81,,,160,,25,25,50,0.11,25,,150,1,,,,,,,,,,,,
DI-ISOPROPYL AMINE,108-18-9,C6H15N,101,0.72,,,83,,5,5,,1.8,5,,20,2,,,,,,,,,,,,
DI-ISOPROPYL KETONE,,C7H14O,114,,,,124,,50,,,,,,,1,,,,,,,,,,,,
DIMETHOXYMETHANE,109-87-5,C3H8O2,76,,,,42.5,,1000,1000,1000,,,,,1,,,,,,,,,,,,
"N,N-DIMETHYLACETAMIDE",127-19-5,C4H9NO,87,0.94,,,165,,10,10,10,47,10,,35,,,,,,,,,,1,,,
"2,2 DIMETHYL BUTANE",75-83-2,C6H14,86,,,,49.7,,,,200,,,,,,,,,,,,,,1,,,
DIMETHYLAMINE,124-40-3,C2H7N,45,0.001872,,,7,,5,,2,0.34,10,,18,2,,,,,,,,,,,,
DIETHYLENE GLYCOL,111-46-6,C4H10O3,106,1.118,,,244–245,–10.45,,,,,,,,1,,,,,,,,,,,,
"DIMETHYL-1,2-DIBROMO-2,2-DICHLOROETHYLPHOSPHATE",,C4H7Br2Cl2P,381,,,,Decomp,,,,,,,3,,,,,,,,,,,,1,,EFA
DIMETHYLETHOXYSILANE,14857-34-2,C4H12OSi,,"0,757",,,55,,0.5,,,,,,,,,,,,,,,,,1,,EFA
"N,N-DIMETHYLANILINE",121-69-7,C8H11N,121,0.96,,,193,,5,5,5,0.13,5,,25,1,,,,,,,,,,,,
"N,n-DIMETHYLETHYLAMINE",598-56-1,C4H11N,71,,,,44,,,5,25,,,,,2,,,,,,,,,,,,
DIMETHYLFORMAMIDE,68-12-2,C3H7NO,73,0.95,8-Jun,,153,,10,10,10,2.2,10,,30,1,,,,,,,,,,,,
"1,1-DIMETHYLHYDRAZINE",57-14-7,C2H8N2,60,0.79,,,63,,0.01,0.1,,1.7,C0.06,,C0.15,,,,,,,,,,,1,,EFA
"1,2-DIMETHYLHYDRAZINE",540-73-8,C2H8N2,60,,,,81,,,,,,,,,,,,,,,,,,,1,,EFA
DIMETHYLSULFATE,77-78-1,C2H6SO4,126,1.33,,,188,,0.1,0.1,0.04,,0.1,,0.5,2,,,,,,,,,,,,
DINITROBENZENE all isomers,,C6H4N2O4,168,1.57-1.63,,,299,,0.15,0.15,,,,,1,1,,,,,,,,,,,,
DINITRO-ortho-CRESOL,534-52-1,C7H6N2O5,198,1.1,,,312,,,,,,,,0.2,1,,,,,,,,,,,,
"3,5-DINITRO-ortho-TOLUAMIDE",148-01-6,C8H7N2O5,225,,,,,177,,,,,,5,5,1,,,,,,,,,,,,
DI-n-PROPYL KETONE,122-19-3,C7H14O,114,,,,144,,50,50,,,,,,1,,,,,,,,,,,,
"1,4-DIOXANE",123-91-1,C4H8O2,88,1.03,,,101,,20,10,20,24,C1,,C3.6,1,,,,,,,,,,,,
DIOXATHION,78-34-2,C12H26O6P2S4,456,1.26,,,,-20,,,,,,0.2,0.2,,,,,,,,,,,1,,EFA
DIPHENYLAMINE,122-39-4,C12H11N,169,1.16,,,302,,,,0,,,10,10,1,,,,,,,,,,,,
DIPHENYLMETHANE DIISOCYANATE,101-68-8,C15H10N2O2,250,,,,,37,0.01,0.01,0.01,,0.001,,0.05,,,,,,,,,,,1,,EFA
DIQUAT,85-00-7,C12H12Br2N2,344,1.22-1.27,,,Decomp,,,,,,,0.5,0.5,,1,,,,,,,,,,,
DISULFIRAM,97-77-8,C10H20N2S4,296,1.3,,,,72,,,,,,2,2,,,,,,,,,,,,G(1) & HEPA(2),
DISULFOTON,298-04-4,C8H19O2PS3,274,1.14,,,62,,,,,,,0.1,0.1,,,,,,,,,,,,G(1) & HEPA(2),
DIURON,330-54-1,C9H10Cl2N2O,232,,,,,154,,,,,,10,10,,,,,,,,,1,,,,
Diglyme,111-96-6,C6H14O3,134.18,0.937,,,162,-64,,,,,,,,1,,,,,,,,,,,,
DIMETHYL SULFOXIDE,67-68-5,C2H6OS,78.13,1.1004,,,189,18.5,,,,,,,,1,,,1,,,,,,,,,
DIPHENYL,92-52-4,C6H5C6H5,154.2,1.04,,,489°F,156°F,,,,,0.2,,1,1,,,,,,,,,,,,
DIPROPYLENE GLYCOL METHYL ETHER (DPGME),34590-94-8,CH3-(OC3H6)2-OH,148.2,0.948,,,190,-83,,,,,,,,1,,,,,,,1,,,,,
DISODIUM CITRATE,144-33-2,C6H6Na2O7,236.09,,,,,,,,,,,,,,,,,,,,,1,,,,
"1,3-DIVINYL BENZENE",108-57-6,C10H10,130,0.93,,,195,,10,10,,,,,50,1,,,,,,,,,,,,
DIVINYL BENZENE,1321-74-0 (mixed isomers),C10H10,,,,,,,,,,,,,,1,,,,,,,,,,,,
2-ETHOXY-1-PROPANOL,19089-47-5,,,,,,,,,,,,,,,2,,,,,,,,,,,,
2-ETHYLHEXANOL,104-76-7,C8H18O,130.23,,,,183-185,,,,,,,,,1,,,,,,,,,,,,
EMERY,1302-74-5,,102,4,,,2980,,,,,,,10,,,,,,,,,,1,,,,
ENDOSULFAN,115-29-7,C9H6Cl6O3S,404,1.74,,,,,,,,,,0.1,0.1,,,,,,,,,,,1,,EFA
EPICHLOROHYDRIN,106-89-8,C3H5ClO,93,1.18,,,115,,0.5,,3,,,,,2,,,,,,,,,,,,
ETHANE,74-84-0,C2H6,30,,,,-89,,,,,1200,,,,,,,,,,,,,,1,,EFA
ETHANEDITHIOL,,C2H6S2,94,,,,146,,,,,,,,,2,,,,,,,,,,,,
ETHANOLAMINE,141-43-5,C2H7NO,61,1.02,12.1,,170.5,,3,3,2,2.6,3,,8,2,,,,,,,,,,,,
ETHION,563-12-2,C9H22O4P2S4,384,1.22,,,,-13,,,,,,0.4,0.4,1,,,,,,,,,,,,
2-Ethoxy-1-propanol,19089-47-5,,,,,,,,,,,,,,,2,,,,,,,,,,,,
ETHYL ACETATE,141-78-6,C4H8O2,88,0.9,,,77,,400,400,400,3.9,400,,1400,1,,,,,,,,,,,,
ETHYL ACRYLATE,140-88-5,C5H8O2,100.1,0.92,,,211°F,,,,,,,,,1,,,,,,,,,,,,
ETHYL ALCOHOL,64-17-5,C2H6O,46,0.79,,,78,,1000,1000,500,84,1000,,1900,2,,,,,,,,,,,,
ETHYLAMINE,75-04-7,C2H7N,45,0.001932,,,16.5,,5,10,5,0.95,10,,18,2,,,,,,,,,,,,
ETHYLAMYL KETONE,541-85-5,C8H16O,138,0.82,,,157,,25,25,,6,25,,130,1,,,,,,,,,,,,
ETHYL BENZENE,100-41-4,C8H10,106,0.87,,,136,,100,100,100,2.3,100,,435,1,,,,,,,,,,,,
ETHYL BROMIDE,74-96-4,C2H5Br,108.97,1.47,,,38.4,-119,,,,,,,,,,,,2,,,,,,,,
ETHYL BUTYL KETONE,106-35-4,C7H14O,114,0.82,,,148,,50,50,,,50,,230,2,,,,,,,,,,,,
ETHYL CELLULOSE,9004-57-3,,,,,,,,,,,,,,,1,,,,,,,,,,,,
ETHYL CHLORIDE,75-00-3,C2H5Cl,65,0.002676,,,12,,1000,1000,9,4.2,,,,,,,,,,,,,,1,,EFA
ETHYL CYANOACRYLATE,,C6H7NO2,125,,,,Polymerize,,0.2,,,,,,,,,,,,,,,,,1,,EFA
ETHYL ETHER,60-29-7,C4H10O,74,0.71,,,34.5,,400,400,400,8.9,,,,,,,,,,,1,,,,,
ETHYLENE CHLOROHYDRIN,107-07-3,C2H5OCl,81,1.2,,,128.7,,1,,1,,C1,,C3,1,,,,,,,,,,,,
ETHYLENE DIAMINE,107-15-3,C2H8N2,60,0.91,,,117,,10,10,10,2.5,10,,25,1,,,,,,,,,,,,
ETHYL FORMATE,109-94-4,C3H6O2,74,0.92,,,49,,100,100,100,31,100,,300,2,,,,,,,,,,,,
ETHYL MERCAPTAN,75-08-1,C2H6S,62,0.84,,,36,,0.5,0.5,0.5,0,C0.5,,C1.3,1,,,,,,,,,,,,
ETHYL SILICATE,78-10-4,SiC8H20O4,208.33,0.94,,,166-169,-77,,,,,,,,1,,,,,,,,,,,,
ETHYLAMINE,75-04-7,C2H7N,45,0.001932,,,16.5,,5,10,5,0.95,10,,18,2,,,,,,,,,,,,
ETHYLAMYL KETONE,541-85-5,C8H16O,138,0.82,,,157,,25,25,,6,25,,130,1,,,,,,,,,,,,
ETHYLENE,74-85-1,C2H4,28.05,1.178,,zero,?103.7,?169.2,,,,,,,,2,,,,,,,,,,,,
ETHYLENE DIAMINE,107-15-3,C2H8N2,60,0.91,,,117,,10,10,10,2.5,10,,25,1,,,,,,,,,,,,
ETHYLENE DIBROMIDE,106-93-4,C2H4Br2,188,2.17,,,131,,5,,0.1,,0.045,,,2,,,,,,,,,,,,
ETHYLENE DICHLORIDE,107-06-2,C2H4Cl2,98.96,1.253,,1.80 D,84,-35,,,,,,,,1,,,,,,,,,,,,
ETHYLENE GLYCOL (AEROSOL),107-21-1,C2H6O2,62,1.11,,,197.5,,39.4,50,10,,,,,1,,,,1,,,,,,,,
ETHYLENE GLYCOL DINITRATE,,C2H4N2O6,152,1.49,,,114,,0.05,,0.05,,,,,1,,,,,,,,,,,,
ETHYLENE OXIDE,75-21-8,C2H4OCl2,44,0.001788,,,11,,1,1,1,430,0.1,,0.18,,,,,,,,,,1,,,
ETHYLENIMINE,151-56-4,C2H5N,43,0.83,,,55,,0.5,,0.5,1.5,,,,,,,,,,,,,,1,,EFA
EUCALYPTOLE,470-82-6,C10H18O,154,0.9225,,,176–177,1.5,,,,,,,,1,,,,,,,,,,,,
FENAMIPHOS,22224-92-6,C13H22NO3PS,303,1.14,,,,49,,,,,,0.1,0.1,,,,,,,,,,,1,,EFA
FENSULFOTHION,115-90-2,C11H17O4PS2,308,1.2,,,141,,,,,,,0.1,0.1,,,,,,,,,,,1,,EFA
FENTHION,55-38-9,C10H15O3PS2,278,1.25,,,87,,,,,,,0.2,,,,,,,,,,,,1,,EFA
FERBAM,14484-64-1,C9H18N3S6Fe,417,,,,,180,,,,,,10,10,1,,,,,,,,,,,,
FERROVANADIUM DUST,12604-58-9,FeV,107,,,,,,,,,,,1,1,,,,,,,,,1,,,,
FLUORIDE CARBONYL,353-50-4,COF2,66,,,,-83,,1,,0.1,0.14,0.1,,0.2,,,,,,,,,,1,,,
"FLUORIDES AEROSOLS, GAS, GASEOUS",,F,19,,,,,,,,,,,2.5,,,1,,,,,,,,,,,
FLUORIDES PARTICULATES,,F,19,,,,,,,2,,,,,,,,,,,,,,1,,,,
FLUORINE,7782-41-4,F2,38,0.001572,,,-187,,1,,0.1,0.14,0.1,,0.2,,,,,2,,,,,,,,
FLUOROTRICHLOROMETHANE,75-69-4,CCl3F,137,0.005688,,,24,,1000,,1000,5,C1000,,C5600,,,,,1,,,,,,,,
FONOFOS,944-22-9,C10H15OPS2,230,1.15,,,100,,,,,,,0.1,0.1,,,,,,,,,,,1,,EFA
FORMALDEHYDE SOL.37%,50-00-0,CH2O,30,1.08,,,,,,0.5,0.5,0.83,0.02,,,,,,,,1,,,,,,,
FORMAMIDE,75-12-7,CH3NO,45,1.13,,,200,,10,20,,,10,,18.5,,,,,,,,,,,1,,EFA
FORMIC ACID,64-18-6,CH2O2,46,1.22,2.38,,101,,5,,5,49,5,,9,2,2,,,,,,,,,,,
FURFURAL,98-01-1,C5H4O2,96,1.16,,,162,,2,,0.1,0.08,,,,1,,,,,,,,,,,,
FURFURYL ALCOHOL,98-00-0,C5H6O2,98,1.13,,,170,,10,10,10,8,10,,10,1,,,,,,,,,,,,
GALLIC ACID,,C7H6O5,170,,,,,222,,,,,,,,2,,,,,,,,,,,,
GASOLINE (50 – 100 octane),8006-61-9,,,0.72 – 0.76,,,34,,300,,,,,,,1,,,,,,,,,,,,
GLUTARALDEHYDE sol.50%,111-30-8,C5H8O2,100,1.1,3.1–4.5,,187,,,0.1,0.1,,C0.2,,C0.8,,,,,,,1,,,,,,
GLYCERIN MIST,56-81-5,C3H8O3,92,1.26,,,290,,,,,,,10,,1,,,,,,,,,,,,
GLYCIDOL,556-52-5,C3H6O2,74,1.12,,,Decomp,,2,25,50,,25,,75,1,,,,,,,,,,,,
GLYCOLONITRILE,107-16-4,C2H3NO,57.1,1.1,,,361°F,,,,,,C 2 ppm (15 minutes),,5,,,,,,,,,,1,,,
GRAPHITE (Natural),7782-42-5,C,,2.0 – 2.25,,,,,,,,,,2,2.5,,,,,,,,,1,,,,
2-HYDROXYPROPYL ACRYLATE,999-61-1,CH2=CHCOOCH2CHOHCH3,130.2,1.05,,,102.85,,,,,,0.5,,3,1,,,,,,,,,,,,
HAFNIUM and Cpds,7440-58-6,HF,,13.31,,,4602,,,,,,,0.5,0.5,,,,,,,,,1,,,,
HALOTHANE,151-67-7,C2HBrClF3,197,1.87,,,50,,50,,5,33,C2,,C16.2,,,,,,,,,,1,,,
HEPES,7365-45-9,C8H18N2O4S,238.3,,,,,234-238,,,,,,,,,,,,,,,,1,,,,
HEPTYLENE,68526-53-4,,,,,,,,,,,,,,,1,,,,,,,,,,,,
Hex-3-yne,928-49-4,C6H10,82.14,0.723,,,81-82,-105,,,,,,,,1,,,,,,,,,,,,
n-HEPTANE,142-82-5,C7H16,100,0.68,,,98.5,,400,400,500,150,85,,350,1,,,,,,,,,,,,
HEXACHLOROBUTADIENE,87-68-3,C4Cl6,258,1.55,,,212,,0.02,,,,0.02,,0.24,1,,,,,,,,,,,,
HEXACHLORO CYCLOPENTADIENE,77-47-4,C5Cl6,270,1.71,,,239,,0.01,0.01,,0.03,0.01,,0.1,1,,,,,,,,,,,,
HEXAFLUOROACETONE,684-16-2,C3F6O,166,0.006912,,,-27,,0.1,0.1,,,0.1,,0.7,,,,,,,,,,1,,,
HEXAMETHYLENE DIISOCYANATE,822-06-0,C8H12N2O2,168,1.04,,,,,0.01,0.01,0.01,,0.01,,0.04,,,,,,,,,,1,,,
n-HEXANE,110-54-3,C6H14,86,0.66,,,69,,50,50,50,130,50,,180,1,,,,,,,,,,,,
HEXACHLOROETHANE,67-72-1,C2Cl6,237,,,,,185,1,1,,,1,,10,,,,,,,,,,,,A(1) & HP(2) ,
HEXACHLOROBUTADIENE,87-68-3,C4Cl6,C4Cl6,260.7,1.55,,419°F,,,,,,0.02 ppm,,(0.24,1,,,,,,,,,,,,
HEXAMETHYLDISILOXANE (HMDS),107-46-0,C6H18OSi2,162.38,0.764,,,101,?59,,,,,,,,,,,,,,,,,,1,,EFA
HEXANAL,66-25-1,C6H12O,101,0.8,,,119-124,< -20,,,,,,,,1,,,,,,,,,,,,
HEXYLENE,,,,,,,,,,,,,,,,1,,,,,,,,,,,,
"HMX (OCTAHYDRO-1,3,5,7-TETRANITRO-1,3,5,7-TETRAZOCINE)",2691-41-0,C4H8N8O8,,296,1.91,,,,276-286,,,,,,,1,1,1,1,1,1,1,1,,,,,EFI
N-HEXYLAMINE,111-26-2,C6H15N,101.19,0.77,,,131-132,-22.9,,,,,,,,1,,,,,,,,,,,,
"1,6-HEXANEDIAMINE",,C6H16N2,116,,,,24,,0.5,,,,,,,,,,,,,,,,,,A(1) & HP(2),
1-HEXENE,592-41-6,C6H12,84,,,,63.5,,30,,,,,,,2,,,,,,,,,,,,
SEC-HEXYL-ACETATE,108-84-9,C6H12O2,144,0.86,,,146,,50,50,50,,50,,300,1,,,,,,,,,,,,
HEXYLENE GLYCOL,107-41-5,C6H14O2,118,0.92,,,197,,25,,,50,C25,,C125,,,,,,,,,,,1,,EFA
HYDRAZINE,302-01-2,N2H4,34,1.01,,,113.5,,0.01,0.1,,,C0.03,,C0.04,,,,,,,,,,,1,,EFA
HYDROCHLORIC ACID,7647-01-0,HCl,36.5,,,,20.20%,,,,5,0.77,,,,,1,,,,,,,,,,,
HYDROFLUORIC ACID 40% AS F,7664-39-3,HF,20,,,,38.20%,,,,3,0.04,,,,,2,,,,,,,,,,,
HYDROGEN BROMIDE,10035-10-6,HBr,81,0.003372,,,-66.5,,,,2,2,C3,,C10,,2,,,,,,,,,,,
HYDROGEN CHLORIDE,7647-01-0,HCl,37,0.001524,0.01,1.03,-85,,5,,5,0.8,C5,,C7,,1,,,,,,,,,,,
HYDROGEN CYANIDE,74-90-8,HCN,27,0.69,<2.0,,26,,,2,10,0.58,,,,,,,,,,,,,1,,,
HYDROGEN FLUORIDE AS F,7664-39-3,HF,20,0.002232,,1.38,19.5,,,3,3,0.04,3,,2.5,,1,,,,,,,,,,,
HYDROGEN IODIDE,10034-85-2,HI,128,2.85,,0.38 D,–34.36,–50.80,,,,,,,,2,,,,,,,,,,,,
HYDROGEN PEROXIDE 90%,7722-84-1,H2O2,34,1.39,,1.03,152,,1,1,1,,1,,1.4,,1,,,,,,,,,,,
HYDROGEN SELENIDE,7/5/7783,H2Se,81,0.00336,,,-41,,0.05,0.02,0.05,0.3,0.05,,0.2,2,,,,,,,,,,,,
HYDROGEN SULFIDE,6/4/7783,H2S,34,0.001428,,,-60,,10,5,10,0.01,C10,,C15,2,,,2,,,,,,,,,
HYDROQUINONE,123-31-9,C6H6O2,110,1.3,,,287,172,,,,,,,,1,,,,,,,,,,,,
HYPOCHLOROUS ACID,7790-92-3,HClO,110,1.33,,,286,,,,,,,,,,,,,,,,,,,1,,EFA
INDENE,95-13-6,C9H8,53,0.997,,,182,,10,10,,0.02,10,,45,1,,,,,,,,,,,,
INDIUM & CPDS,7440-74-6,In,116,7.31,,,2080,,,,,,,0.1,0.1,,,,,,,,,1,,,,
INDOLE,120-72-9,C8H7N,117,"1,175",,"2,11",254,52,,,,,,,,,,,,,,,,,1,,,
IODINE,7553-56-2,I2,117,4.93,5.4,0,185,,,,,0.1,C0.1,,C1,,,,,1,,,,,,,,
IODOFORM,75-47-8,CHI3,393.73,4.008,,,217,123,,,,,,,,1,,,,1,,,,,,,,
IRON  Soluble salts as Fe,7553-56-2,,254,,,,,,,,,,,1,1,,,,,,,,,1,,,,
IRON(II) SULFATE,7720-78-7,FeSO4,152,2.84,,,,,,,,,,,,,,,,,,,,1,,,,
IRON(II) SULFATE HEPTAHYDRATE,7782-63-0,FeSO4.7(H2O),278.05,1.898,,,300,64,,,,,,,,,,,,,,,,1,,,,
IRON(II) SULFATE MONOHYDRATE,17375-41-6,FeSO4.H2O,169.92,,,,330,,,,,,,,,,,,,,,,,1,,,,
IRON(III) CHLORIDE,7705-08-0 ,FeCl3,162.2,2.898,,,315,306,,,,,,,,,,,,,,,,1,,,,
IRON(III) CHLORIDE HEXAHYDRATE,10025-77-1,FeCl3.6(H2O),270.3,,,,270.3,37,,,,,,,,,,,,,,,,1,,,,
ISOAMYL ACETATE,123-92-2,C7H14O2,130,0.87,7,,142,,100,100,,0.03,100,,525,1,,,,,,,,,,,,
ISOAMYL ALCOHOL,123-51-3,C5H12O,88,0.81 – 0.82,,,132,-117.2,100,100,100,0.04,100,,360,1,,,,,,,,,,,,
ISOAMYL ETHER,,C10H22O,158,,,,172,,,,,,,,,1,,,,,,,1,,,,,
ISOBUTANE,75-28-5,C4H10,58,0.002472,,,-11.73,,,,1000,,800,,1900,2,,,,,,,,,,,,
ISOBUTYL ACETATE,110-19-0,C6H12O2,116,0.87,,,117,,150,150,100,0.64,150,,700,1,,,,,,,,,,,,
ISOBUTYL ALCOHOL,78-83-1,C4H10O,74,0.8,,,108,,50,50,100,1.6,50,,150,1,,,,,,,,,,,,
ISOBUTYLAMINE,78-81-9,C4H11N,73,"0,74",,,66,-72,,,5,,,,,1,,,,,,,,,,,,
ISOBUTYRIC ACID,79-31-2,C4H8O2,88,"0,97",,,154,-74,,,,,,,,1,,,,,,,,,,,,
ISOFLURANE,26675-46-7,C3H2ClF5O,184.5,1.5,,,48.5,,,,,,,,,2,,,,,,,,,,,,
ISOOCTANE,540-84-1,C8H18,114,,,,99,,,,,,,,,1,,,,,,,,,,,,
ISOOCTYL ALCOHOL,,C8H18O,134,0.83,,,182,,50,50,,,50,,270,1,,,,,,,,,,,,
ISOOCTYL ALCOHOL mixed isomers,,C8H18O,134,0.83,,,182,,50,50,,,50,,270,1,,,,,,,,,,,,
ISOPENTANE,78-78-4,C5H12,72,,,,28,,,,1000,,,,,1,,,,,,,,,,,,
ISOPHORONE,78-59-1,C9H14O,138,0.92,,,215,,5,,2,0.2,4,,23,1,,,,,,,,,,,,
ISOPHORONE DIISOCYANATE,4098-71-9,C12H18N2O2,222,1.06,,,158,,0.01,0.01,0.01,,0.01,,0.05,!,,,,,,,,,,,,EFA
ISOPRENE,78-79-5,C5H8,68,,,,34,,,,,,,,,1,,,,,,,,,,,,
2-ISOPROPOXYETHANOL,109-59-1,C5H12O2,104,0.9,,,139,,25,25,5,,,,,1,,,,,,,,,,,,
ISOPROPYL ACETATE,108-21-4,C5H10O2,102,0.87,,,88,,250,250,200,2.7,,,,1,,,,,,,,,,,,
ISOPROPYL ALCOHOL,67-63-0,C3H8O,60,0.79,,,82.5,,400,,200,22,400,,980,2,,,,,,,,,,,,
ISOPROPYLAMINE,75-31-0,C3H8O,59,0.69,11.8,,34,,2,5,5,1.2,,,,2,,,,,,2,,,,,,
N-ISOPROPYLANILINE,768-52-5,C9H13N,135,0.93,,,206,,2,,,,2,,10,1,,,,,,,,,,,,
ISOPROPYL ETHER,108-20-3,C6H14O,102,0.73,,,68.5,,250,250,500,0.02,500,,2100,2,,,,,,,,,,,,
ISOPROPYL GLYCIDYL ETHER,4016-14-2,C6H12O2,116,0.92,,,127,,50,50,,,C50,,C240,1,,,,,,,1,,,,,
ISOVALERIC ACID,,C5H10O2,104,,,,176,,,,,,,,,1,,,,,,,,,,,,
KEROSENE,,,,0.78–0.8,,,,,,,,,,,,1,,,,,,,,,,,,
KETENE,463-51-4,C2H2O,42,0.00174,,,-56,,0.5,0.5,0.5,,0.5,,0.9,,,,,,,,,,1,,,
LACTIC ACID,50-21-5,C3H6O3,90,,,,123,53,,,,,,,,1,,,,,,,,,,,,
LEAD Inorganic Cpds,7439-92-1,Pb,,11.34,,,,,,,,,,0.05,0.05,,,,,,,,,1,,,,
LEAD ARSENATE,,Pb3(AsO4)2,,,,,,Decomp,,,,,,0.15,,,,,,,,,,1,,,,
LEAD CHROMATE (Basic),,Pb2OCrO4,,,,,,844,,,,,,0.05,,,,,,,,,,1,,,,
LINDANE,58-89-9,C6H6Cl6,288,1.85,,,,,,,,,,0.5,0.5,,,,,,,,,,1,,,
LITHIUM HYDRIDE,7580-67-8,LiH,8,0.78,,,Decomp,680,,,,,,0.03,0.03,,,,,,,,,1,,,,
LITHIUM bis(trifluoromethanesulphonyl)imide Basic information,90076-65-6,C2F6LiNO4S2,1334,,,,234-238,,,,,,,,,,,,,,,,,,,,A(1)& HEPA(2),
LPG (Liquified Petroluem Gas),68476-85-7,,42,0.00174,,,-0.6,,1000,,,,1000,,1800,,,,,,,,,,1,,,
MAGNESITE,546-93-0,MgCO3,84,2.96,,,,,,,,,,10,10,,,,,,,,,1,,,,
MAGNESIUM Oxide Fume,1309-48-4,MgO,40,3.58,10.3,,3568,,,,,,,10,,,,,,,,,,1,,,,
MALEIC ANHYDRIDE,108-31-6,C4H2O3,98,1.48,,,188,,0.25,,0.1,0.32,0.25,,1,,,,,,,,,,1,,,
MANGANESE and inorganic cpds,7439-96-5,Mn,55,7.2,,,,,,,,,,0.2,1,,,,,,,,,1,,,,
MANGANESE TETROXIDE,1317-35-7,Mn3O4,229,4.88,,,,1564,,,,,,,,,,,,,,,,1,,,,
MELAMINE,108-78-1,C3H6N6,126.12,1.574,,,345,,,,,,,,,1,,,,,,,,,,,,
MANGANESE CYCLOPENTALDIENYL TRICARBONYL,12079-65-1,C5H5Mn(CO)3,203,,,,,,,,,,,0.1,0.1,,,,,,,,,1,,,,
MERCAPTANS,,,,,,,,,,,,,,,,1,,,,,,,,,,,,
2-Mercaptoethanol,60-24-2,C2H6OS,78,1.11,,,157-158,-100,,,,,,,,1,,,,,,,,,,,,
MENTHOL,89-78-1,C10H20O,156,"0,89",,,212,43,,,,,,,,1,,,,,,,,,,,,
2-Mercaptomethyl benzimidazole,4344-85-8,,,,,,,,,,,,,,,1,,,,,,,,,,,,
1-Methoxy-2-Propanol,107-98-2,C4H10O2,90.1,0.92,,,-96,120,,,,,,,,1,,,,,,,,,,,,
MERCURY & Inorganic Cpds Cold,7439-97-6,Hg,201,13.6,,,342,,,,0.01,,,0.03,0.05,,,1,,,,,,,,,,
MERCURY & AlkylCpds Cold,7439-97-6,Hg,201,13.6,,,342,,,,0.01,,,0.03,0.05,,,1,,,,,,,,,,
MERCURY & Aryl Cpds Cold,,Hg,,,,,,,,,,,,0.1,,,,1,,,,,,,,,,
MESITYL OXIDE,141-79-7,C6H10O,98,0.86,,,130,-53,15,15,25,0.45,10,,40,1,,,,,,,,,,,,
MERCURY(II) NITRATE,10045-94-0 ,Hg(NO3)2,324.7,4.3,,,,79,,,,,,,,,,1,,,,,,,,,,
MERCURY(II) NITRATE MONOHYDRATE,7783-34-8,Hg(NO3)2.H2O,342.62,4.3,,,,79,,,,,,,,,,1,,,,,,,,,,
METHANE,74-82-8,CH4,16,,,,-162,,,,,,,,,,,,,,,,,,,1,,EFA
METHOMYL,16752-77-5,C5H10N2O2S,162,1.29,,,,172ºF,,,,,,2.5,2.5,,,,,,,,,,,,A(1)  & HP (2),
METHOXYPHENOL,150-76-5,C7H8O2,124,1.55,,,246,,,,,,,5,5,1,,,,,,,,,,,,
3-Methoxypropionitrile,110-67-8,C4H7NO,85,0.94,,,,,,,,,,,,1,,,,,,,,,,,,
METHYL ACETATE,79-20-9,C3H6O2,74,0.93,,,58,,200,200,200,4.6,200,,610,2,,,,,,,,,,,,
METHYL ACETYLENE,74-99-7,C3H4,40,0.001692,,,-23,,1000,1000,1000,,1000,,1650,2,,,,,,,,,,,,
METHYL ACETYLENE PROPADIENE MIX,59355-75-8,,40,0.001776,,,-34.5,,1000,,1000,,1000,,1800,2,,,,,,,,,,,,
METHYL ACRYLATE,96-33-3,C4H5O2,86,0.96,,,66,,2,10,2,0.05,10,,35,2,,,,,,,,,,,,
METHYL ACRYLONITRILE,126-98-7,C4H5N,67,0.8,,,90,,1,1,,7,1,,3,2,,,,,,,,,,,,
METHYL ALCOHOL,67-56-1,CH4O,32,0.79,,,65,,200,200,200,100,200,,260,2,,,,,,,,,,,,
METHYLAMINE,74-98-5,CH5N,31,0.001296,,,6.3,,5,,10,3.2,10,,12,2,,,,,,,,,,,,
N-METHYL ANILINE,100-61-8,C7H9N,107,0.99,,,194,,0.5,0.5,0.5,1.7,0.5,,1,1,,,,,,,,,,,,
METHYL BROMIDE,74-83-9,CH3Br,95,0.004032,,,3.6,,1,5,,,,,,,,,,,,,,,,1,,EFA
METHYL-tert-BUTYL ETHER,1634-04-4,C4H12O,88,0.74,,,55,-109,,,,,,,,,,,,,,,1,,,,,
METHYL BUTYL KETONE,591-78-6,C6H12O,100,0.81,,,127,,5,5,5,0.76,1,,4,1,,,,,,,,,,,,
METHYL CELLOSOLVE ACETATE,32718-56-2,C5H10O3,,,,,,,,,,,,,,1,,,,,,,,,,,,
METHYL CELLOSOLVE,109-86-4,C3H8O2,76,0.96,,,124.5,,5,5,5,2.3,0.1,,0.3,1,,,,,,,,,,,,
METHYL CHLORIDE,74-87-3,CH3Cl,51,0.002136,,,-24,,50,50,50,10,,,,,,,,,,,,,1,,,
METHYL CHLOROFORM,71-55-6,C2H3Cl3,133,1.34,,,74,,350,300,200,120,C350,,C1900,1,,,,,,,,,,,,
METHYL CYCLOHEXANE,108-87-2,C7H14,98,0.77,,,100,,400,400,500,630,400,,1600,1,,,,,,,,,,,,
METHYL CYCLOHEXANOL,25639-42-3,C7H14O,114,0.92,,,155,,50,50,,500,50,,235,1,,,,,,,,,,,,
METHYL CYCLOHEXANONE,583-60-8,C7H12O,112,0.93,,,165,,50,50,50,,50,,230,1,,,,,,,,,,,,
METHYLENE CHLORIDE,75-09-2,CH2Cl2,85,1.33,,,40,,50,100,100,250,,,,,,,,,,,,,1,,,
"4,4’-METHYLENEBIS(2-CHLOROANILINE)",101-14-4,C13H12Cl2N2,266,1.44,,,,110,0.01,,,,,,0.003,1,,,,,,,,,,,,
METHYLCYCLOHEXYL ISOCYANATE,,,,,,,,,0.01,,,,,,,1,,,,,,,,,,,,
METHYL ETHER,115-10-6,C2H6O,46,,,,23,,,,1000,,,,,2,,,,,,,1,,,,,
METHYL ETHYL KETONE,78-93-3,C4H80,72,0.81,,,79.5,,200,200,200,5.4,200,,590,1,,,,,,,,,,,,
METHYL ETHYL KETONE PEROXIDE,1338-23-4,C8H16O2,,1.12,,,,,0.2,,,,C0.2,,C1.5,,,,,,,,,,1,,,
METHYL FORMATE,107-31-3,C2H4O2,60,0.98,,,32,,100,100,50,600,100,,250,2,,,,,,,,,,,,
METHYL IODIDE,74-88-4,CH3I,142,2.28,,,42,,2,,0.3,,2,,10,,,,,1,,,,,,,,
METHYL ISOAMYL KETONE,110-12-3,C7H14O,114,0.81,,,144,,50,50,20,0.01,50,,240,,,,,,,,,,1,,,
METHYL ISOBUTYL CARBINOL,108-11-2,C6H14O,102,0.81,,,132,,25,25,25,0.07,25,,100,1,,,,,,,,,,,,
METHYL ISOBUTYL KETONE,108-10-1,C6H12O,100,0.8,,,116,,50,50,100,0.68,50,,205,1,,,,,,,,,,,,
METHYL ISOCYANATE,624-83-9,C2H3NO,57,0.96,,,39,,0.02,0.02,0.02,2.1,0.02,,0.05,,,,,,,,,,,1,,EFA
METHYL ISOPROPYL KETONE,563-80-4,C5H10O,86,0.81,,,93,,200,200,,1.9,200,,705,1,,,,,,,,,,,,
METHYL ISOTHIOCYANATE,551-61-6,C2H3NS,73,,,,120,,,,,,,,,,,,,,,,,,,1,,EFA
METHYL MERCAPTAN,74-93-1,CH4S,48,1.001992,,,6,,0.5,0.5,0.5,,C0.5,,C1,1,,,,,,,,,,,,
METHYL METHACRYLATE,80-62-6,C5H8O2,100,0.94,,,101,,100,100,50,,100,,410,1,,,,,,,,,,,,
METHYL-n-AMYL KETONE,110-43-0,C7H14O,114,0.81,,,151.5,,50,50,,0.35,100,,465,1,,,,,,,,,,,,
1- METHYL-3-PROPYLIMIDAZOLIUM IODIDE,119171-18-5,C7H13O2,252,,,,,,,,,,,,,2,,,,,,,,,,,,
2 & 3-METHYLPENTANE,,C6H14,86,,,,60,,,,200,,,,,,,,,,,,,,1,,,
1-METHYL-2-PYRROLIDINONE (Vapors),872-50-4,C5H9NO,99,,,,202,,,,19,,,,,,,,,,,,,,,1,,EFA
METHYL SILICATE,681-84-5,C4H12O4Si,152,1.02,,,121,,1,1,,,1,,6,,,,,,,,,,,1,,EFA
METHYL-2-CYANOACRYLATE,137-05-3,C5H5NO2,111.1,1.1,,,,,,,,,2,,8,,,,,,,,,,,1,,EFA
METHYLAMINE,74-98-5,CH5N,31,0.001296,,,6.3,,5,,10,3.2,10,,12,2,,,,,,,,,,,,
METHYLCYCLOHEXYL ISOCYANATE,,,,,,,,,0.005,,,,,,,1,,,,,,,,,,,,
a-METHYL STYRENE,98-83-9,C9H10,118,0.91,,,152,,50,50,100,0.29,50,,240,1,,,,,,,,,,,,
MEVINPHOS,7786-34-7,C7H13O6P,224,,,,106,,,0.01,0.01,,0.01,0.09,0.1,1,,,,,,,,,,,,
MICA,12001-26-2,,,2.6-3.2,,,,,,,,,,3,3,,,,,,,,,1,,,,
MOLYBDENUM insoluble cpds,7439-98-7,Mo,,10.28,,,,,,,,,,10,,,,,,,,,,1,,,,
MOLYBDENUM soluble cpds,,Mo,,,,,,,,,,,,5,,,,,,,,,,1,,,,
MONOCROTOPHOS,6923-22-4,C7H14O5PN,223,,,,125,,,,,,,0.25,0.25,,,,,,,,,,,1,,EFA
MONOCHLOROBENZENE,108-90-7,C6H5Cl,112.56,1.11,,,131,-45,,,,,,,,1,,,,1,,,,,,,,
MONOMETHYL HYDRAZINE,60-34-4,CH6N2,46,0.87,,,87.5,,0.01,0.2,,1.7,C0.04,,C0.08,,,,,,,,,,,1,,EFA
MONOSODIUM CITRATE,18996-35-5,C6H7NaO7,214.11,,,,,,,,,,,,,,,,,,,,,1,,,,
NAPHTALENE,91-20-3,C10H8,128,1.15,,,218,,10,10,10,,10,,50,1,,,,,,,,,,,,
NAPHTHA (COAL TAR),8030-30-6,,110 (approx),0.89-0.97,,,320-428°F,,,,,,,,400,1,,,,,,,,,,,,
NAPHTHA (PETROLEUM),,,,0.6 - 0.8,,,,,,,,,,,,1,,,,,,,,,,,,
NAPHTHALENE,91-20-3,C10H9,128,1.15,,,218,,10,10,10,0.08,10,,50,1,,,,,,,,,,,,
2-NAPHTHYLAMINE,91-59-8,C10H9N,143,1.06,,,603,,,,,,,,,,,,,,,,,,,1,,EFA
"1,5-NAPHTHYLENE DIISOCYANATE",3173-72-6,C12H6N2O2,206,,,,,,,0.01,0.01,,0.01,,0.04,,,,,,,,,,,1,,EFA
NICKEL Metal & Dust,7440-02-0,Ni,,8.9,,,2730,,,,,,,1.5,0.02,,,,,,,,,1,,,,
NICKEL CARBONYL,13463-39-3,Ni(CO)4,171,1.32,,,43,,0.05,0.05,,0.3,,,0.01,,,,,,,,,,,1,,EFA
NICKEL Inorganic insol. cpds,,Ni,,,,,,,,,,,,0.2,,,,,,,,,,,,1,,EFA
NICKEL Soluble cpds,,,,,,,,,,,,,,0.1,,,,,,,,,,1,,,,
NICKEL SUBSULFIDE as Ni,12035-72-2,Ni3S2,240,,,,,790,,,,,,0.1,,,,,,,,,,1,,,,
NICOTINE,54-11-5,C10H14N2,162.26,1.01,,,247,-79,,,,,,,,1,,,,,,,,,,,,
NITRIC ACID 68% cold/hot 6,7697-37-2,HNO3,240,1.5,1,,Ctc,2,2,2,,,2,,5,,2,,,,,,,,,,,
NITRIC OXIDE,,NO,30,0.001248,,,-152,,25,25,,,25,,30,,,,,,,,,,1,,,
Para-NITROANILINE,10102-43-9,C6H6N2O2,138,1.42,,,332,,,,1,,,3,3,,,,,,,,,,1,,,
NITROBENZENE,98-95-3,C6H5NO2,123,1.2,,,210,,1,1,1,0.02,1,,5,1,,,,,,,,,,,,
NITROETHANE,79-24-3,C2H5NO2,75,1.05,,,114,,100,100,100,2.1,100,,310,,,,,,,,,,,1,,EFA
NITROGEN DIOXIDE,10102-44-0,NO2 / N2O4,46,0.003144,,,21,,3,,5,0.39,,,,,,,,,,,,,1,,,
NITROGEN TRIFLUORIDE,7783-54-2,NF3,71,0.002952,,,-129,,10,10,,,10,,29,,2,,,,,,,,,,,
NITROGLYCERIN,55-63-0,C3H5N3O9,144,1.6,,,218,,0.05,0.15,0.05,,,,,1,,,,,,,,,,,,
NITROMETHANE,75-52-5,CH3NO2,61,1.14,6.12,,101,,20,100,100,3.5,,,,,,,,,,,,,,1,,EFA
NITROTOLUENE,88-72-2,C7H7NO2,137,,,,,"-9,3",,,,,,,,1,,,,,,,,,,,,
2-NITRONAPHTHALENE,581-89-5,C10H7NO2,,,,,,,,,0.04,,,,,1,,,,,,,,,,,,
2-NITROPROPANE,79-46-9,C3H7NO2,89,0.99,,,120,,25,25,25,11,25,,90,,,,,,,,,,,1,,EFA
NITROUS OXIDE,10024-97-2,N2O,30,0.001836,,,-88.5,,50,,,,25,,46,2,,,,,,,,,,,,
n-NONANE all isomers,111-84-2,C9H20,128,0.72,,,151,,200,200,,47,200,,1050,1,,,,,,,,,,,,
OCTENE,,,,,,,,,,,,,,,,1,,,,,,,,,,,,
n-OCTANE all isomers,111-65-9,C8H18,114,0.7,,,126,,300,300,500,48,75,,350,1,,,,,,,,,,,,
OSMIUM TETROXIDE,20816-12-0,OsO4,254,5.1,,,Subl,,,,,,,,,,,,,,,,,,,1,,EFA
OXALIC ACID,144-62-7,C2H2O4,126,1.9,,,Subl,,,,,,,1,1,2,,,,,,,,,,,,
OXYGEN DIFLUORIDE,7783-41-7,OF2,54,0.002256,,,-145,,,,,0.1,C0.05,,C0.1,,,,,,,,,,,1,,EFA
OZONE,10028-15-6,O3,48,2.144,,,?111.9,?192.5,,,,,,,,1,,,,,,,,,,,,
PALMITIC ACID,57-10-3,C16H32O2,256.42,0.853,,,351-352,62.9,,,,,,,,1,,,,,,,,,,,,
PARADICHLOROBENZENE,106-46-7,C6H4Cl2,147,1.25,,,174,53.5,,,,,,,,1,,,,,,,,,,,,
PARAFFINE WAX fume,8002-74-2,,,0.88-0.92,,,,47,,,,,,2,2,,,,,,,,,,,,A(1) & HP (2),
PARAFORMALDEHYDE,30525-89-4,OH(CH2O)nH (n = 8 - 100),,0.88,,,,120-170,,,,,,,,2,,,,,1,,,,,,,
PARAQUAT (PARAQUAT DICHLORIDE),1910-42-5,C12H14Cl2N2,257.2,1.24,,,,572°F,,,,,,,0.1,,,,,,,,,,,,A(1) & HP (2),
PARAQUAT respirable fraction 2 Cl,1910-42-5,C12H14N2,246,1.24,,,Decomp,300,,,,,,0.1,0.1,,,,,,,,,,,,A(1) & HP (2),
PARATHION,56-38-2,C10H14NO5PS,291,1.27,,,375,,,,,,,0.1,0.05,,,,,,,,,1,,,,
Pent-1-yne,627-19-0,C5H8,68.12,0.691,,,40.2,?106 to?105,,,,,,,,1,,,,,,,,,,,,
Pent-2-yne,627-21-4,C5H8,68.12,0.71,,,56 to 57,?109,,,,,,,,1,,,,,,,,,,,,
PENTABORANE,19624-22-7,B5H9,63,0.62,,,60,,0.01,0.01,0.01,0.9,0.01,,0.01,1,,,,,,,,,,,,
PENTACHLOROETHANE,76-01-7,C2HCl5,200,1.68,,,161,,,,5,,,,,1,,,,1,,,,,,,,
PENTACHLORO NAPHTALENE,1321-64-8,C10H3Cl5,301,1.67,,,326,,,,,,,0.5,0.5,,,,,,,,,,,,A(1) & HP (2),
PENTAERYTHRITOL TETRANITRATE,78-11-5,C5H8N4O12,,,,,180,141.3,,,,,,,,,,,,,,,,1,,,,EFP
PENTYLENE,,,,,,,,,,,,,,,,1,,,,,,,,,,,,
PERACETIC ACID,79-21-0,C2H4O3,76.05,1.13,,,105,0.1,,,,,,,,1,,,,,,,,,,,,
n-PENTANE all isomers,109-66-0,C5H12,72,0.63,,,36.1,,600,600,1000,400,120,,350,1,,,,,,,,,,,,
n-PENTANOIC ACID,,C5H10O2,102,,,,185,,,,,,,,,1,,,,,,,,,,,,
2-PENTANONE,107-87-9,C5H10O,86,0.81,,,102,,200,200,200,11,150,,530,1,,,,,,,,,,,,
PERLITE 1% quartz,93763-70-3,,,,,,,,,,,,,10,10,,,,,,,,,1,,,,
PHENIDONE,92-43-3,C9H10N2O,162.19,,,,,121,,,,,,,,1,,,,,,,,,,,,
PHENOL cold/hot,108-95-2,C6H6O,94,1.06,6,,182,,5,5,5,0.04,5,,19,1,,,,,,,,,,,,
2-PHENOXYETHANOL,,C8H10O2,102,,,,245,,,,20,,,,,1,,,,,,,,,,,,
PHENOLPHTHALEIN,77-09-8,C20H14O4,318.32,1.277,,,,262.5,,,,,,,,1,,,,,,,,,,,,
PHENYL ETHER-BIPHENYL mixture (vapor),8004-13-5,C24H20O,166,1.06,,,495°F,,,,,,1,,7,1,,,,,,,1,,,,,
PHENYL ETHER vapor,101-84-8,C12H10O,170,1.08,,,259,,1,1,1,,1,,7,1,,,,,,,1,,,,,
PHENYL GLYCIDYL ETHER cold/hot,122-60-1,C9H10O2,150,1.11,,,245,,0.1,1,1,,C1,,C6,1,,,,,,,1,,,,,
PHENYLHYDRAZINE,100-63-0,C6H8N2,108,1.1,,,Decomp,,0.1,,5,,C0.14,,C0.6,1,,,,,,,,,,,,
PHOSGENE,75-44-5,CCl2O,99,0.004176,,,8.3,-118,0.1,,0.02,0.9,0.1,,0.4,,,,,,,,,,1,,,
PHOSPHINE,7803-51-2,PH3,34,0.001416,,,-87.5,,0.3,0.1,0.1,0.51,0.3,,0.4,,,,,,,,,,1,,,
PHOSPHORIC ACID,7664-38-2,H3PO4,98,1.87,,,276,,,,,,,1,1,,,,,,,,,1,,,,
PHOSPHORUS PENTACHLORIDE,10026-13-8,Cl5P,208,3.6,,,Subl,,0.1,0.1,,,,,1,,,,,,,,,,1,,,
PHOSPHORUS PENTASULFIDE,1314-80-3,P2S5 or P4S10,126,2.09,,,-85,,,,,,,1,1,,,,,,,,,,1,,,
PHOSPHORUS TRICHLORIDE,,PCl3,137,1.58,,,76,,0.2,0.2,0.5,,,,,,,,,,,,,,1,,,
PHOSPHORUS yellow,7723-14-0,P4,222,1.82,,,514,,0.02,,0.2,,,,0.1,,,,,,,,,,1,,,
PHTHALIC ANHYDRIDE,85-44-9,C8H4O3,148,1.53 (Flake),,,Subl,,1,,,0.05,1,,6,,,,,,,,,,1,,,
PICRIC ACID,88-89-1,C6H3N3O7,223,1.76,,,300,,,,,,,0.1,0.1,,,,,,,,,,,1,,EFA
PIPERIDINE,110-89-4,C5H11N,85.15,0.862,,,106,?7,,,,,,,,1,,,,,,1,,,,,,
PITCH,,,,,,,,,,,,,,,,1,,,,,,,,,,,,
PLANT OILS,,,,,,,,,,,,,,,,1,,,,,,,,,,,,
PLATINUM,6/4/7440,Pt,195,21.45,,,3827,,,,,,,1,1,,,,,,,,,1,,,,
PLATINUM Soluble salts,,Pt,,,,,,,,,,,,,,,,,,,,,,1,,,,
POLY(Vinyl Acetate),9003-20-7,,,,,,,,,,,,,,,1,,,,,,,,,,,,
POLYACRYLONITRILE,25014-41-9,,,,,,,,,,,,,,,1,,,,,,,,,,,,
POLYETHYLENE GLYCOL,25322-68-3,C2n+2H4n+6On+244n+62,,,,,,,,,,,,,,1,,,,,,,,,,,,
POLYSORBATE 20,1227.54,C58H114O26,1227.54,1.1,,,,,,,,,,,,1,,,,,,,,,,,,
POLYVINYL ACETATE,9003-20-7,(C4H6O2)n,86.09,,,,,,,,,,,,,1,,,,,,,,,,,,
POLYVINYLPYRROLIDONE,9003-39-8,(C6H9NO)n,2.500 -2.5000.000,"1,2",,,110 - 180,,,,,,,,,1,,,,,,,,,,,,
POTASSIUM CYANIDE,151-50-8,KCN,65.12,1.52,,,1625,634.5,,,,,,,,,,,,,,,,1,,,,
POTASSIUM HYDROXIDE,1310-58-3,KOH,56,2.04,13.5,,,405,,,,,,,C2,,,,,,,,,1,,,,
POTASSIUM PERMANGANATE,7722-64-7,KMnO4,158,,,,Decomp,,,,,,,,,,,,,,,,,1,,,,
POTASSIUM PERSULFATE,7727-21-1,K2S2O8H2,272,,,,Decomp,,,,,,,,,,,,,,,,,1,,,,
PROPANAL,123-38-6,C3H6O,58.08,0.81,,2.52 D,46-50,?81,,,,,,,,2,,,,,1,,,,,,,
PROPANE,74-98-6,C3H8,44,0.00186,,,-42,,2500,,1000,16000,1000,,1800,1,,,,,,,,,,,,
PROPARGYL ALCOHOL,107-19-7,C3H4O,56,0.97,,,114,,1,1,2,,1,,2,1,,,,,,,,,,,,
PROPENE,115-07-1,C3H6,42,,,,-48,,,,,76,,,,,,,,,,,,,1,,,
PROPIONALDEHYDE,123-38-6,C3H6O,58.08,0.81,,2.52 D,46-50,?81,,,,,,,,,,,,,2,,,,,,,
PROPIONIC ACID,79-09-4,C3H6O2,74,0.99,,,141,,10,10,10,,10,,30,1,,,,,,,,,,,,
2-PROPOXYETHANOL,,C6H14O2,118,,,,150,,,,20,,,,,2,,,,,,,,,,,,
n-PROPYL ACETATE,109-60-4,C5H10O2,102,0.84,,,102,,200,,200,0.67,200,,840,1,,,,,,,,,,,,
n-PROPYL ALCOHOL,71-23-8,C3H8O,60,0.81,,,97,,200,200,,2.6,,,,2,,,,,,,,,,,,
n-PROPYLAMINE,107-10-8,C3H9N,59,,11.8,,48,,,,,,,,,2,,,,,,,,,,,,
PROPYL ETHER,111-43-3,C6H14O,102,"0,73",,,88,-123,,,,,,,,2,,,,,,,1,,,,,
PROPYL MERCAPTAN,107-03-9,,,,,,67,-113,,,,,,,,1,,,,,,,,,,,,
PROPYLENE,115-07-1,C3H6,42.08,1.81,,0.366 D,? 47.6,? 185.2,,,,,,,,2,,,,,,,,,,,,
PROPYLENE DICHLORIDE,78-87-5,C3H6Cl2,113,1.16,,,97,,75,75,,0.25,,,,1,,,,1,,,,,,,,
PROPYLENE GLYCOL MONOMETHYL ETHER ,107-98-2,C4H10O2,90,0.96,,,120,,100,,100,10,100,,360,2,,,,,,,1,,,,,
PROPYLENE IMINE,75-55-8,C3H7N,57,0.8,,,66,,2,,,,2,,5,2,,,,,,,,,,,,
PROPYLENE OXIDE,75-56-9,C3H6O,58,0.83,,,34,,20,20,2.5,44,,,,2,,,,,,,,,,,,
n-PROPYL NITRATE,627-13-4,C3H7NO3,105,1.07,,,110.5,,25,25,25,50,25,,105,,,,,,,,,,1,,,
PROPYNE,74-99-7,C3H4,40,0.001692,,,-23.1,,1000,1000,1000,,1000,,1650,2,,,,,,,,,,,,
PUTRESCINE,110-60-1,C4H12N2,88,,,,158–160,27,,,,,,,,1,,,,,,,,,,,,
PYRIDINE,110-86-1,C3H5N,79,0.98,8.5,,115,,5,,5,0.17,5,,15,1,,,,,,,,,,,,
QUARTZ,14808-60-7,SiO2,60,,,,2230,,,,,,,0.1,0.05,,,,,,,,,1,,,,
QUINONE,106-51-4,C6H4O2,108,1.32,,,Subl,240ºF,0.1,0.1,0.1,,0.1,,0.0.4,,,,,,,,,,,,A(1) & HP(2),
RADON,10043-92-2,Rn,222,,,,?61.85,71.15,,,,,,,,,,,,,,,,,,1,,EFI
RHODIUM insoluble salts,,Rh,,,,,,,,,,,,1,0.1,,,,,,,,,1,,,,
RHODIUM soluble salts,,Rh,,,,,,,,,,,,0.01,,,,,,,,,,1,,,,
ROTENONE,83-79-4,C23H22O6,394.4,1.27,,,330°F,,,,,,,,5,,,,,,,,,1,,,,
Sarin,107-44-8,C4H10FO2P,140,"1.0887  at 25ºC, 1.102 at 20ºC",,,158,-56,,,,,,,,,,,,,,,,,,1,,EFI
SELENIUM and Cpds,7782-49-2,Se,79,4.28,,,690,,,,,,,0.2,0.2,,,,,,,,,1,,,,
SELENIUM HEXAFLUORIDE as Se,7783-79-1,SeF6,193,0.00792,,,-34.5,,0.05,0.05,,,0.05,,,,,,,,,,,,,1,,EFA
SILICON Dust,7740-21-3,Si,28,2.33,,,2600,,,,,,,10,10,,,,,,,,,1,,,,
SILICON CARBIDE Dust,409-21-2,CSi,40,3.23,,,Subl,,,,,,,10,10,,,,,,,,,1,,,,
SILICON TETRAHYDRIDE,7803-62-5,SiH4,32,0.00332,,,-112,,5,,,,5,,7,,,,,,,,,,1,,,
SILVER Soluble Cpds,,Ag,,,,,,,,,,,,0.01,0.01,,,,,,,,,1,,,,
SILVER SULFATE,10294-26-5,Ag2SO4,312,5.45,,,1085,652,,,,,,,,,,,,,,,,1,,,,
SKATOLE,83-34-1,C9H9N,132,,,,265 °C,93-95,,,,,,,,1,,,,,,,,,,,,
SOAPSTONE  respirable particulate,14807-96-6,3MgO4.SiO2.H2O,,2.7-2.8,,,,,,,,,,3,6,,,,,,,,,1,,,,
SODIUM ACETATE,127-09-3,C2H3NaO2,82.03,1.528 g/cm3,,,881.4 (anhdrous),324 (anhydrous),,,,,,,,,,,,,,,,1,,,,
SODIUM ACETATE TRIHYDRATE,6131-90-4,C2H3NaO2. 3 H2O,,1.45,,,122 (trihydrate),58 (trihydrate),,,,,,,,,,,,,,,,1,,,,
SODIUM AZIDE POWDER,26628-22-8,NaN3,65,1.85,,,,275,,,,,C0.1,,,,,,,,,,,,,,A(1) & HP(2),
Sodium Bicarbonate,144-55-8,CHNaO3,84,CHNaO3,,,,50-270,,,,,,,,,,,,,,,,1,,,,
SODIUM BISULFITE,7631-90-5,NaHSO3,104,1.48,,,,Decomp,,,,,,5,5,,,,,,,,,1,,,,
SODIUM FLUOROACETATE,62-74-8,C2H2FO2Na,100,,,,Decomp,,,,,,,0.05,0.05,,,,,,,,,1,,,,
SODIUM HYDROXIDE,1310-73-2,NaOH,40,2.13,14,,1390,,,,,,,2,C2,,,,,,,,,1,,,,
SODIUM LAURYL SULFATE,151-21-3,NaC12H25SO4,288.38,1.01,,,,,,,,,,,,,,,,,,,,,,,A(1) & HP(2),
SODIUM METABISULFITE,7681-57-4,Na2S2O5,190,1.4,,,Decomp,,,,,,,5,5,,,,,,,,,1,,,,
SODIUM PERIODATE,7790-28-5,NaIO4,214,3.865,,,,300,,,,,,,,,,,,,,,,1,,,,
SODIUM SULFITE ANHYDROUS,7757-83-7,Na2SO3,126,2.6,,,,33.4,,,,,,,,,,,,,,,,1,,,,
SODIUM SULFITE HEPTAHYDRATE,7757-83-7,Na2SO3,126,1.56,,,,500,,,,,,,,,,,,,,,,1,,,,
SODIUM THIOSULFATE,"7772-98-7 , 10102-17-7 (pentahydrate)",Na2S2O3,158,1.67,,,"100 (pentahydrate,- 5H2Odecomp)",48.3(pentahydrate),,,,,,,,,,,,,,,,1,,,,
SOMAN,,C7H16FO2P,182,1.02,,,198,-42,,,,,,,,,,,,,,,,,,1,,EFI
STARCH,9005-25-8,(C6H10O5)n,,1.5,,,,,,,,,,,,,,,,,,,,1,,,,
STEARATES,,,,,,,,,,,,,,10,,,,,,,,,,1,,,,
STIBINE,7803-52-3,SbH3,125,0.005172,,,-18.4,,0.1,0.1,0.1,,0.1,,0.5,,,,,,,,,,,1,,EFA
STODDARD SOLVENT,8052-41-3,85% Nonane,,0.78,,,220,,100,,,,,,350,1,,,,,,,,,,,,
STYRENE MONOMER,100-42-5,C8H8,104,0.91,,,146,,20,50,20,0.32,50,,215,1,,,,,,,,,,,,
SU-8 PHOTORESIST,,,,,,,,,,,,,,,,1,,,,,,,,,,,,
SUCROSE,57-50-1,C12H22O11,342.3,1.59,,,,186 (decomp),,,,,,,,,,,,,,,,1,,,,
SULFAMIC ACID,5329-14-6,H2NSO3H,97,2.15,,,,205 (decomp),,,,,,,,,2,,,,,,,,,,,
SULFUR DECAFLUORIDE,5714-22-7,F10S2,254,0.010524,,,29,,0.01,,0.03,,C0.01,,C0.1,,,,,,,,,,1,,,
SULFUR DICHLORIDE,,SCl2,103,,,,Decomp,,1,,1,,,,,,,,,,,,,,1,,,
SULFUR DIOXIDE,9/5/7446,SO2,64,0.002712,,,-10,,2,2,0.5,1.1,2,,5,,2,,,,,,,,,,,
SULFUR HEXAFLUORIDE,2551-62-4,SF6,146,0.006132,,,Subl,,1000,1000,1000,,100,,6000,,2,,,,,,,,,,,
SULFUR MONOXIDE,13827-32-2,OS,,,,,,,,,,,,,,,,,,,,,,,,1,,EFA
SULFUR MUSTARD,505-60-2,C4H8Cl2S,159,1.27,,,217 (decomposes),14.4,,,,,,,,,,,,,,,,,1,,,
SULFUR TETRAFLUORIDE,7783-60-0,SF4,108,0.004536,,,-40,,,,,,C0.1,,C0.4,,,,,,,,,,,1,,EFA
"SULFURIC ACID cold, fuming or heated",7664-93-9,H2SO4,98,1.84,,,296,,,,,,,1,1,2,2,,,,,,,,,,,
SULFURYL FLUORIDE,2699-79-8,F2O2S,102,0.004464,,,-55,,5,5,,,5,,20,,,,,,,,,,,1,,EFA
Tabun,77-81-6,C5H11N2O2P,162.13,"1.0887 at 25 °C, 1.102 at 20 °C",,,247.5,-50,,,,,,,,,,,,,,,,,,1,,EFI
TALC containing no Abestos fibers,14807-96-6,,,2.70-2.80,,,,,,,,,,2,2,,,,,,,,,1,,,,
TCEP,51805-45-9,C9H15O6P,250,,,,,,,,,,,,,1,,,,,,,,,,,,
TEDP (sulfotep),3689-24-5,C8H20O5P2S2,322,1.2,,,136,,,,0.01,,,0.2,0.2,,,,,,,,,,,1,,EFA
TEFLON  Decomposition products,,(C2F4)n,,,,,,,,,,,,,,,,,,,,,,,,1,,EFA
TELLURIUM & Cpds,13494-80-9,Te,128,6.24,,,990,,,,,,,0.1,0.1,,,,,,,,,1,,,,
TELLURIUM HEXAFLUORIDE as Te,7783-80-4,TeF6,242,0.010008,,,Subl,,0.02,0.02,,,0.02,,0.2,,,,,,,,,1,,,,
TERPHENYLS,92-06-8,C18H14,230,1.1 (o),,,276,,,,,,C0.5,,C5,1,,,,,,,,,,,,
"1,1,2,2-TETRACHLORO-1,2-DIFLUOROETHANE",76-12-0,C2Cl4F2,204,1.65,,,92,,500,500,1000,,500,,4170,,,,,,,,,,1,,,
"1,1,2,2- TETRACHLOROETHANE",79-34-5,C2H2Cl4,168,1.59,,,146,,1,1,1,1.5,1,,7,1,,,,,,,,,,,,
TETRACHLORONAPHTHALENE,1335-88-2,C10H4Cl4,266,1.59-1.65,,,331,,,,,,,2,2,1,,,,,,,,,,,,
TETRAETHYL LEAD as Pb,78-00-2,C8H20Pb,323,1.65,,,100,,,,,,,0.1,0.08,,,,,,,,,,1,,,
TETRAETHYL SILOXONE,,C8H20O3SiK,,,,,,,,,,,,,,,,,,,,,,,1,,,
"1,1,1,2-TETRAFLUOROETHANE",811-97-2,C2H2F4,,,,,,,,,1000,,,,,,,,,,,,,,1,,,
TETRAHYDROFURAN,109-99-9,C4H8O,72,0.89,,,65,,200,200,50,2,200,,590,1,,,,,,,,,,,,
TETRANITROMETHANE,509-14-8,CN4O8,196,1.62,,,126,,0.01,1,1,,1,,8,,,,,,,,,,,1,,EFA
TETRYL,479-45-8,C7H5N5O8,287,1.57,,,187,,,,,,,1.5,1.5,,,,,,,,,,,1,,EFA
THALLIUM and soluble cpds,,TI,204,,,,1457,,,,,,,0.1,0.1,,,,,,,,,1,,,,
TETRAETHYL LEAD as Pb,78-00-2,C8H20Pb,323,1.65,,,100,,,,,,,0.1,0.08,,,,,,,,,,1,,,
THIOGLYCOLIC ACID,68-11-1,C2H4O2S,,,,,,,,,,,,,,1,,,,,,,,,,,,
THIOUREA,62-56-6,CH4N2S,76.12,1.405,,,,182,,,,,,,,2,,,,,,,,,,,,
"4,4-THIO BIS (6-tert-BUTYL-meta-CRESOL)",96-69-5,C22H30O2S,358,1.1,,,,150,,,,,,10,10,,,,,,,,,,1,,,
TIN inorganic cpds,7440-31-5,Sn,119,7.28,,,2507,,,,,,,2,2,,,,,,,,,1,,,,
TIN organic cpds,,,,,,,,,,,,,,0.1,0.1,,,,,,,,,1,,,,
TITANIUM DIOXIDE,13463-67-7,TiO2,80,4.6,,,,1860,,,,,,10,,,,,,,,,,1,,,,
Titanium tetrachloride,7550-45-0,TiCl4,190,1.726,,,136.4,-24.8,,,,,,,,,,,,,,,,1,,,,
TOLUENE,108-88-3,C7H8,92,0.87,,,110,,50,100,50,2.9,100,,375,1,,,,,,,,,,,,
TOLUIDINE all isomers,,C7H9N,107,"1.05(p), 1.01(o), 0.999(m)",,,200,,2,2,0.01,0.02,,,,1,,,,,,,,,,,,
"TOLUYLEN-2,4-DIISOCYANATE",584-84-9,C9H6N2O2,174,1.22,,,251,,0.01,0.01,0.01,0.25,,,,,,,,,,,,,,1,,EFA
"TOLUYLEN-2,6-DIISOCYANATE",,C9H6N2O2,174,,,,251,,,,0.01,,,,,,,,,,,,,,,1,,EFA
"1,2,4-TRICHLOROBENZENE",120-82-1,C6H3Cl3,180,1.45,,,213,,,5,5,1.4,C5,,C40,,,,,,,,,,1,,,
"2,3,4-TRICHLORO-1-BUTENE",,C4H6Cl3,159,,,,,,,,0.01,,,,,,,,,,,,,,,1,,
"1,1,2-TRICHLOROETHANE",79-00-5,C2H3Cl3,132,1.44,,,114,,10,,10,,10,,45,1,,,,,,,,,,,,
TRICHLOROETHYLENE,79-01-6,C2HCl3,130,1.46,,,86,,50,75,50,28,,,,1,,,,,,,,,,,,
"1,2,3-TRICHLOROPROPANE",96-18-4,C3H5Cl3,147,1.39,,,142,,10,,,,10,,60,1,,,,,,,,,,,,
Tri-ortho-CRESYL PHOSPHATE,78-30-8,C21H21O4P,368,1.2,,,410,,,,,,,,,,,,,,,,,,1,,,
TRIPHENYL AMINE,603-34-9,C18H15N,245,0.77,,,365,,,,,,,,,,,,,,,,,,1,,,
TRIETHANOLAMINE,,C6H15O3N,149,,,,Decomp,21.2,,,,,,5,,,,,,,,1,,,,,,
TRIETHYLAMINE,121-44-8,C6H15N,101,0.73,,,89.5,,1,,10,0.48,,,,,,,,,,2,,,,,,
TRIMELLITIC ANHYDRIDE Fumes,552-30-7,C9H4O5,192,,,,,,,0.01,,,0.01,,0.04,,,,,,,,,,,1,,EFA
TRIMETHYLAMINE,75-50-3,C3H9N,59,0.002508,,,-4,,5,,,,10,,24,,,,,,,2,,,,,,
TRIMETHYLBENZENE,108-97-8,C9H12,120,0.86-0.89,,,176,,25,25,20,0.55,25,,125,1,,,,,,,,,,,,
TRIMETHYLPHOSPHITE,121-45-9,C3H9O3P,124,1.05,,,108,,2,2,,,2,,10,,,,,,,,,,,1,,EFA
TRINITROTOLUENE,118-96-7,C7H5N3O6,227,1.65,,,Explo,,,,0.01,,,0.1,0.5,,,,,,,,,,,1,,EFA
TRIFLUOROACETIC ACID,76-05-1,C2HF3O2,114.02,1.489,,,72.4,-15.4,,,,,,,,1,,,,,,,,,,,,
TRIMETHYLSILYL CHLORIDE,75-77-4,C3H9SiCl,109,0.856,,,57,?40,,,,,,,,2,,,,,,,,,,,,
TRIS,77-86-1,C4H11NO3,121.14,,,,121.14,175-176,,,,,,,,1,,,,,,,,,,,,
TRISODIUM CITRATE,"68-04-2 , 6132-04-3 (dihydrate), 6858-44-2 (pentahydrate)",Na3C6H5O7,258.06,1.7,,,Decomposes,>300 hydrates lose water ca. 150 C,,,,,,,,,,,,,,,,1,,,,
TUNGSTEN soluble cpds,,W,,,,,5900,,,,,,,5,5,,,,,,,,,,1,,,
TUNGSTEN and  insoluble cpds,7440-33-7,W,,19.3,,,,,,,,,,1,1,,,,,,,,,1,,,,
TURPENTINE,8006-64-2,C10H16,136,0.86,,,154,,100,100,100,,100,,560,1,,,,,,,,,,,,
UREA,57-13-6,CH4N2O,60,1.32,4.56 D,,133–135,,,,,,,,,2,,,,,,,2,,,,,
URIC ACID,,C5H4O3N4,168,,,,,Decomp,,,,,,,,1,,,,,,,,,,,,
VANADIUM Dust or fume,1314-62-1,V2O5,182,3.36,,,,,,,,,,0.05,C0.05,,,,,,,,,1,,,,
VINYL ACETATE,108-05-4,C4H6O2,86,0.93,,,73,,10,10,10,0.5,C4,,C15,1,,,,,,,,,,,,
VINYL BROMIDE,593-60-2,C2H3Br,107,0.004548,,,16,,0.5,,,,,,,,,,,,,,,,1,,,
VINYL BUTYL ETHER,111-34-2,C6H12O,100,,,,94,,,,,,,,,1,,,,,,,1,,,,,
VINYL FLUORIDE,75-02-5,C2H3F,46,0.00192,,,-72,"-160,5",1,,,,,,,,,,,,,,,,1,,,
VINYLIDENE CHLORIDE,75-35-4,C2H2Cl2,96,1.21,,,37,,5,5,2,,,,,,,,,,,,,,1,,,
VINYLIDENE FLUORIDE,75-38-7,C2H2F2,64,0.002652,,,-83,,500,,,,1,,,,,,,,,,,,1,,,
VINYL TOLUENE,25013-15-4,C9H10,118,0.89,,,170,,50,50,100,10,100,,480,1,,,,,,,,,,,,
VINYL CHLORIDE,75-01-4,C2H3Cl,63,0.002652,,,-14,,5,,,3000,,,,2,,,,,,,,,,,,
VALERIC ACID,109-52-4,C5H10O2,102,0.93,,,186-187,-34.5,,,,,,,,1,,,,,,,,,,,,
VM & NAPTHA,8032-32-4,,,0.73-0.76,,,80,,100,,,,,,350,1,,,,,,,,,,,,
VX (nerve agent),50782-69-9,C11H26NO2PS,,1,,,298,-50,,,,,,,,,,,,,,,,,,1,,EFA
WAR FARIN,81-81-2,C19H16O4,308,,,,,161,,,,,,0.1,0.1,,,,,,,,,,1,,,
m-XYLENE,108-38-3,C8H10,106,0.86,,,138,,100,100,100,1.1,100,,435,1,,,,,,,,,,,,
o-XYLENE,95-47-6,C8H10,106,0.88,,,138,,100,100,100,1.1,100,,435,1,,,,,,,,,,,,
p-XYLENE,106-42-3,C8H10,106,0.86,,,138,,100,100,100,1.1,100,,435,1,,,,,,,,,,,,
XYLIDINE,1300-73-8,C8H11N,121,0.98,,,213,,0.5,2,5,0.06,2,,10,,,,,,,,,,1,,,
YTTRIUM & cpds,7440-65-5,Y,,4.47,,,,,,,,,,1,1,,,,,,,,,1,,,,
ZINC CHROMATE as Cr,13530-65-9,ZnCrO4.7H2O,183,,,,,,,,,,,0.01,,,,,,,,,,1,,,,
ZINC OXIDE Fume,1314-13-2,ZnO,81,,,,,,,,,,,5,5,,,,,,,,,1,,,,
ZINC OXIDE Dust,1314-13-2,ZnO,81,5.61,,,,,,,,,,10,5,,,,,,,,,1,,,,
ZIRCONIUM Cpds as Zr,7440-67-7,Zr,,6.51,,,,,,,,,,5,5,,,,,,,,,1,,,,
